[2J[01;01H[=3h[2J[01;01H[2J[01;01H[=3h[2J[01;01H[2J[01;01H[=3h[2J[01;01HBdsDxe: loading Boot0001 "UEFI QEMU HARDDISK QM00003 " from PciRoot(0x0)/Pci(0x1,0x1)/Ata(Secondary,Master,0x0)
BdsDxe: starting Boot0001 "UEFI QEMU HARDDISK QM00003 " from PciRoot(0x0)/Pci(0x1,0x1)/Ata(Secondary,Master,0x0)
ACOS Bootloader: Loading Kernel...
[BOOT] GOP found: base=0x0000000080000000 size=0x00000000003E8000 w=0x0000000000000500 h=0x0000000000000320 pitch=0x0000000000000500
ACOS Bootloader: Kernel entry 0x000000000010F9EC
[BOOT] Memory map: 0x0000000000000011 regions
ACOS Kernel: Initializing...
[PMM] Initialized. Kernel image protected.
[VMM] CR3 loaded
  Heap: kmalloc size=0x0000000000000120 pages=0x0000000000000001 ptr=0x0000000000007010
FAT32: probe called
FAT32: reading block 0...
FAT32: block 0 read successfully
FAT32: checking magic numbers...
FAT32: magic numbers check passed
FAT32: checking slot 0x0000000000000000
FAT32: copying filesystem instance...
FAT32: instance copied to slot
FAT32: calling mount...
FAT32: mount - reading block 0...
FAT32: mount - parsing values...
FAT32: bytes_per_sector=0x0000000000000200
FAT32: sectors_per_cluster=0x0000000000000001
FAT32: reserved_sectors=0x0000000000000020
FAT32: num_fats=0x0000000000000002
FAT32: sectors_per_fat=0x00000000000003F1
FAT32: total_sectors=0x0000000000020000
FAT32: root_cluster=0x0000000000000002
FAT32: m_fat_start=0x0000000000000020 m_data_start=0x0000000000000802
FAT32: mount returned 0x0000000000000001
FAT32: mounting via VFS...
FAT32: mounted successfully!
FileSystem: Mounted fat32 at /
FAT32: probe called
FAT32: reading block 0...
FAT32: block 0 read successfully
FAT32: checking magic numbers...
FAT32: magic numbers check passed
FAT32: checking slot 0x0000000000000000
FAT32: checking slot 0x0000000000000001
FAT32: copying filesystem instance...
FAT32: instance copied to slot
FAT32: calling mount...
FAT32: mount - reading block 0...
FAT32: mount - parsing values...
FAT32: bytes_per_sector=0x0000000000000200
FAT32: sectors_per_cluster=0x0000000000000001
FAT32: reserved_sectors=0x0000000000000020
FAT32: num_fats=0x0000000000000002
FAT32: sectors_per_fat=0x00000000000003F1
FAT32: total_sectors=0x0000000000020000
FAT32: root_cluster=0x0000000000000002
FAT32: m_fat_start=0x0000000000000020 m_data_start=0x0000000000000802
FAT32: mount returned 0x0000000000000001
FAT32: mounting via VFS...
FAT32: mounted successfully!
FileSystem: Mounted fat32 at /
Testing root filesystem...
Root directory contents:
  EFI
  KERNEL.ELF
  README.TXT
  BIN
Main: Spawning /bin/cli.elf
  VFS: open called for /bin/cli.elf
  VFS: relative_path: /bin/cli.elf
FAT32: component='bin'
FAT32: component='cli.elf'
  Heap: kmalloc size=0x0000000000000010 pages=0x0000000000000001 ptr=0x000000000002A010
  VFS: register_file fd=0x0000000000000000
Main: size=0x0000000000012318
  Heap: kmalloc size=0x0000000000012318 pages=0x0000000000000013 ptr=0x000000000002B010
Main: read done
  ProcessLoader: create_process_from_elf called for /bin/cli.elf
  Heap: kmalloc size=0x0000000000003B18 pages=0x0000000000000004 ptr=0x000000000003E010
  Heap: kmalloc size=0x0000000000000010 pages=0x0000000000000001 ptr=0x0000000000042010
  ProcessLoader: Process created, id=0x0000000000000001
  ProcessLoader: loading executable...
  ProcessLoader: load successful, entry=0x0000000000401000
  ProcessLoader: code at entry: 0x0000000000000055 0x0000000000000048 0x0000000000000089 0x00000000000000E5 0x0000000000000048 0x0000000000000031 0x00000000000000FF 0x0000000000000048 0x0000000000000031 0x00000000000000F6 0x00000000000000E8 0x00000000000000D1 0x0000000000000007 0x0000000000000000 0x0000000000000000 0x0000000000000048
  ProcessLoader: PML4 Entry: 0x0000000000044007
  ProcessLoader: PDPT Entry: 0x0000000000045007
  ProcessLoader: PD Entry: 0x000000000004A007
  ProcessLoader: PT Entry: 0x000000000004B005
  ProcessLoader: allocating stack...
  ProcessLoader: translate stack 0x00006FFFFFFFF000 -> 0x0000000000289000
  ProcessLoader: translate stack 0x00006FFFFFFFE000 -> 0x000000000028D000
  ProcessLoader: translate stack 0x00006FFFFFFFD000 -> 0x000000000028E000
  ProcessLoader: translate stack 0x00006FFFFFFFC000 -> 0x000000000028F000
  ProcessLoader: translate stack 0x00006FFFFFFFB000 -> 0x0000000000290000
  ProcessLoader: translate stack 0x00006FFFFFFFA000 -> 0x0000000000291000
  ProcessLoader: translate stack 0x00006FFFFFFF9000 -> 0x0000000000292000
  ProcessLoader: translate stack 0x00006FFFFFFF8000 -> 0x0000000000293000
  ProcessLoader: translate stack 0x00006FFFFFFF7000 -> 0x0000000000294000
  ProcessLoader: translate stack 0x00006FFFFFFF6000 -> 0x0000000000295000
  ProcessLoader: translate stack 0x00006FFFFFFF5000 -> 0x0000000000296000
  ProcessLoader: translate stack 0x00006FFFFFFF4000 -> 0x0000000000297000
  ProcessLoader: translate stack 0x00006FFFFFFF3000 -> 0x0000000000298000
  ProcessLoader: translate stack 0x00006FFFFFFF2000 -> 0x0000000000299000
  ProcessLoader: translate stack 0x00006FFFFFFF1000 -> 0x000000000029A000
  ProcessLoader: translate stack 0x00006FFFFFFF0000 -> 0x000000000029B000
  ProcessLoader: translate stack 0x00006FFFFFFEF000 -> 0x000000000029C000
  ProcessLoader: translate stack 0x00006FFFFFFEE000 -> 0x000000000029D000
  ProcessLoader: translate stack 0x00006FFFFFFED000 -> 0x000000000029E000
  ProcessLoader: translate stack 0x00006FFFFFFEC000 -> 0x000000000029F000
  ProcessLoader: translate stack 0x00006FFFFFFEB000 -> 0x00000000002A0000
  ProcessLoader: translate stack 0x00006FFFFFFEA000 -> 0x00000000002A1000
  ProcessLoader: translate stack 0x00006FFFFFFE9000 -> 0x00000000002A2000
  ProcessLoader: translate stack 0x00006FFFFFFE8000 -> 0x00000000002A3000
  ProcessLoader: translate stack 0x00006FFFFFFE7000 -> 0x00000000002A4000
  ProcessLoader: translate stack 0x00006FFFFFFE6000 -> 0x00000000002A5000
  ProcessLoader: translate stack 0x00006FFFFFFE5000 -> 0x00000000002A6000
  ProcessLoader: translate stack 0x00006FFFFFFE4000 -> 0x00000000002A7000
  ProcessLoader: translate stack 0x00006FFFFFFE3000 -> 0x00000000002A8000
  ProcessLoader: translate stack 0x00006FFFFFFE2000 -> 0x00000000002A9000
  ProcessLoader: translate stack 0x00006FFFFFFE1000 -> 0x00000000002AA000
  ProcessLoader: translate stack 0x00006FFFFFFE0000 -> 0x00000000002AB000
  ProcessLoader: translate stack 0x00006FFFFFFDF000 -> 0x00000000002AC000
  ProcessLoader: translate stack 0x00006FFFFFFDE000 -> 0x00000000002AD000
  ProcessLoader: translate stack 0x00006FFFFFFDD000 -> 0x00000000002AE000
  ProcessLoader: translate stack 0x00006FFFFFFDC000 -> 0x00000000002AF000
  ProcessLoader: translate stack 0x00006FFFFFFDB000 -> 0x00000000002B0000
  ProcessLoader: translate stack 0x00006FFFFFFDA000 -> 0x00000000002B1000
  ProcessLoader: translate stack 0x00006FFFFFFD9000 -> 0x00000000002B2000
  ProcessLoader: translate stack 0x00006FFFFFFD8000 -> 0x00000000002B3000
  ProcessLoader: translate stack 0x00006FFFFFFD7000 -> 0x00000000002B4000
  ProcessLoader: translate stack 0x00006FFFFFFD6000 -> 0x00000000002B5000
  ProcessLoader: translate stack 0x00006FFFFFFD5000 -> 0x00000000002B6000
  ProcessLoader: translate stack 0x00006FFFFFFD4000 -> 0x00000000002B7000
  ProcessLoader: translate stack 0x00006FFFFFFD3000 -> 0x00000000002B8000
  ProcessLoader: translate stack 0x00006FFFFFFD2000 -> 0x00000000002B9000
  ProcessLoader: translate stack 0x00006FFFFFFD1000 -> 0x00000000002BA000
  ProcessLoader: translate stack 0x00006FFFFFFD0000 -> 0x00000000002BB000
  ProcessLoader: translate stack 0x00006FFFFFFCF000 -> 0x00000000002BC000
  ProcessLoader: translate stack 0x00006FFFFFFCE000 -> 0x00000000002BD000
  ProcessLoader: translate stack 0x00006FFFFFFCD000 -> 0x00000000002BE000
  ProcessLoader: translate stack 0x00006FFFFFFCC000 -> 0x00000000002BF000
  ProcessLoader: translate stack 0x00006FFFFFFCB000 -> 0x00000000002C0000
  ProcessLoader: translate stack 0x00006FFFFFFCA000 -> 0x00000000002C1000
  ProcessLoader: translate stack 0x00006FFFFFFC9000 -> 0x00000000002C2000
  ProcessLoader: translate stack 0x00006FFFFFFC8000 -> 0x00000000002C3000
  ProcessLoader: translate stack 0x00006FFFFFFC7000 -> 0x00000000002C4000
  ProcessLoader: translate stack 0x00006FFFFFFC6000 -> 0x00000000002C5000
  ProcessLoader: translate stack 0x00006FFFFFFC5000 -> 0x00000000002C6000
  ProcessLoader: translate stack 0x00006FFFFFFC4000 -> 0x00000000002C7000
  ProcessLoader: translate stack 0x00006FFFFFFC3000 -> 0x00000000002C8000
  ProcessLoader: translate stack 0x00006FFFFFFC2000 -> 0x00000000002C9000
  ProcessLoader: translate stack 0x00006FFFFFFC1000 -> 0x00000000002CA000
  ProcessLoader: translate stack 0x00006FFFFFFC0000 -> 0x00000000002CB000
  ProcessLoader: translate stack 0x00006FFFFFFBF000 -> 0x00000000002CC000
  ProcessLoader: translate stack 0x00006FFFFFFBE000 -> 0x00000000002CD000
  ProcessLoader: translate stack 0x00006FFFFFFBD000 -> 0x00000000002CE000
  ProcessLoader: translate stack 0x00006FFFFFFBC000 -> 0x00000000002CF000
  ProcessLoader: translate stack 0x00006FFFFFFBB000 -> 0x00000000002D0000
  ProcessLoader: translate stack 0x00006FFFFFFBA000 -> 0x00000000002D1000
  ProcessLoader: translate stack 0x00006FFFFFFB9000 -> 0x00000000002D2000
  ProcessLoader: translate stack 0x00006FFFFFFB8000 -> 0x00000000002D3000
  ProcessLoader: translate stack 0x00006FFFFFFB7000 -> 0x00000000002D4000
  ProcessLoader: translate stack 0x00006FFFFFFB6000 -> 0x00000000002D5000
  ProcessLoader: translate stack 0x00006FFFFFFB5000 -> 0x00000000002D6000
  ProcessLoader: translate stack 0x00006FFFFFFB4000 -> 0x00000000002D7000
  ProcessLoader: translate stack 0x00006FFFFFFB3000 -> 0x00000000002D8000
  ProcessLoader: translate stack 0x00006FFFFFFB2000 -> 0x00000000002D9000
  ProcessLoader: translate stack 0x00006FFFFFFB1000 -> 0x00000000002DA000
  ProcessLoader: translate stack 0x00006FFFFFFB0000 -> 0x00000000002DB000
  ProcessLoader: translate stack 0x00006FFFFFFAF000 -> 0x00000000002DC000
  ProcessLoader: translate stack 0x00006FFFFFFAE000 -> 0x00000000002DD000
  ProcessLoader: translate stack 0x00006FFFFFFAD000 -> 0x00000000002DE000
  ProcessLoader: translate stack 0x00006FFFFFFAC000 -> 0x00000000002DF000
  ProcessLoader: translate stack 0x00006FFFFFFAB000 -> 0x00000000002E0000
  ProcessLoader: translate stack 0x00006FFFFFFAA000 -> 0x00000000002E1000
  ProcessLoader: translate stack 0x00006FFFFFFA9000 -> 0x00000000002E2000
  ProcessLoader: translate stack 0x00006FFFFFFA8000 -> 0x00000000002E3000
  ProcessLoader: translate stack 0x00006FFFFFFA7000 -> 0x00000000002E4000
  ProcessLoader: translate stack 0x00006FFFFFFA6000 -> 0x00000000002E5000
  ProcessLoader: translate stack 0x00006FFFFFFA5000 -> 0x00000000002E6000
  ProcessLoader: translate stack 0x00006FFFFFFA4000 -> 0x00000000002E7000
  ProcessLoader: translate stack 0x00006FFFFFFA3000 -> 0x00000000002E8000
  ProcessLoader: translate stack 0x00006FFFFFFA2000 -> 0x00000000002E9000
  ProcessLoader: translate stack 0x00006FFFFFFA1000 -> 0x00000000002EA000
  ProcessLoader: translate stack 0x00006FFFFFFA0000 -> 0x00000000002EB000
  ProcessLoader: translate stack 0x00006FFFFFF9F000 -> 0x00000000002EC000
  ProcessLoader: translate stack 0x00006FFFFFF9E000 -> 0x00000000002ED000
  ProcessLoader: translate stack 0x00006FFFFFF9D000 -> 0x00000000002EE000
  ProcessLoader: translate stack 0x00006FFFFFF9C000 -> 0x00000000002EF000
  ProcessLoader: translate stack 0x00006FFFFFF9B000 -> 0x00000000002F0000
  ProcessLoader: translate stack 0x00006FFFFFF9A000 -> 0x00000000002F1000
  ProcessLoader: translate stack 0x00006FFFFFF99000 -> 0x00000000002F2000
  ProcessLoader: translate stack 0x00006FFFFFF98000 -> 0x00000000002F3000
  ProcessLoader: translate stack 0x00006FFFFFF97000 -> 0x00000000002F4000
  ProcessLoader: translate stack 0x00006FFFFFF96000 -> 0x00000000002F5000
  ProcessLoader: translate stack 0x00006FFFFFF95000 -> 0x00000000002F6000
  ProcessLoader: translate stack 0x00006FFFFFF94000 -> 0x00000000002F7000
  ProcessLoader: translate stack 0x00006FFFFFF93000 -> 0x00000000002F8000
  ProcessLoader: translate stack 0x00006FFFFFF92000 -> 0x00000000002F9000
  ProcessLoader: translate stack 0x00006FFFFFF91000 -> 0x00000000002FA000
  ProcessLoader: translate stack 0x00006FFFFFF90000 -> 0x00000000002FB000
  ProcessLoader: translate stack 0x00006FFFFFF8F000 -> 0x00000000002FC000
  ProcessLoader: translate stack 0x00006FFFFFF8E000 -> 0x00000000002FD000
  ProcessLoader: translate stack 0x00006FFFFFF8D000 -> 0x00000000002FE000
  ProcessLoader: translate stack 0x00006FFFFFF8C000 -> 0x00000000002FF000
  ProcessLoader: translate stack 0x00006FFFFFF8B000 -> 0x0000000000300000
  ProcessLoader: translate stack 0x00006FFFFFF8A000 -> 0x0000000000301000
  ProcessLoader: translate stack 0x00006FFFFFF89000 -> 0x0000000000302000
  ProcessLoader: translate stack 0x00006FFFFFF88000 -> 0x0000000000303000
  ProcessLoader: translate stack 0x00006FFFFFF87000 -> 0x0000000000304000
  ProcessLoader: translate stack 0x00006FFFFFF86000 -> 0x0000000000305000
  ProcessLoader: translate stack 0x00006FFFFFF85000 -> 0x0000000000306000
  ProcessLoader: translate stack 0x00006FFFFFF84000 -> 0x0000000000307000
  ProcessLoader: translate stack 0x00006FFFFFF83000 -> 0x0000000000308000
  ProcessLoader: translate stack 0x00006FFFFFF82000 -> 0x0000000000309000
  ProcessLoader: translate stack 0x00006FFFFFF81000 -> 0x000000000030A000
  ProcessLoader: translate stack 0x00006FFFFFF80000 -> 0x000000000030B000
  ProcessLoader: translate stack 0x00006FFFFFF7F000 -> 0x000000000030C000
  ProcessLoader: translate stack 0x00006FFFFFF7E000 -> 0x000000000030D000
  ProcessLoader: translate stack 0x00006FFFFFF7D000 -> 0x000000000030E000
  ProcessLoader: translate stack 0x00006FFFFFF7C000 -> 0x000000000030F000
  ProcessLoader: translate stack 0x00006FFFFFF7B000 -> 0x0000000000310000
  ProcessLoader: translate stack 0x00006FFFFFF7A000 -> 0x0000000000311000
  ProcessLoader: translate stack 0x00006FFFFFF79000 -> 0x0000000000312000
  ProcessLoader: translate stack 0x00006FFFFFF78000 -> 0x0000000000313000
  ProcessLoader: translate stack 0x00006FFFFFF77000 -> 0x0000000000314000
  ProcessLoader: translate stack 0x00006FFFFFF76000 -> 0x0000000000315000
  ProcessLoader: translate stack 0x00006FFFFFF75000 -> 0x0000000000316000
  ProcessLoader: translate stack 0x00006FFFFFF74000 -> 0x0000000000317000
  ProcessLoader: translate stack 0x00006FFFFFF73000 -> 0x0000000000318000
  ProcessLoader: translate stack 0x00006FFFFFF72000 -> 0x0000000000319000
  ProcessLoader: translate stack 0x00006FFFFFF71000 -> 0x000000000031A000
  ProcessLoader: translate stack 0x00006FFFFFF70000 -> 0x000000000031B000
  ProcessLoader: translate stack 0x00006FFFFFF6F000 -> 0x000000000031C000
  ProcessLoader: translate stack 0x00006FFFFFF6E000 -> 0x000000000031D000
  ProcessLoader: translate stack 0x00006FFFFFF6D000 -> 0x000000000031E000
  ProcessLoader: translate stack 0x00006FFFFFF6C000 -> 0x000000000031F000
  ProcessLoader: translate stack 0x00006FFFFFF6B000 -> 0x0000000000320000
  ProcessLoader: translate stack 0x00006FFFFFF6A000 -> 0x0000000000321000
  ProcessLoader: translate stack 0x00006FFFFFF69000 -> 0x0000000000322000
  ProcessLoader: translate stack 0x00006FFFFFF68000 -> 0x0000000000323000
  ProcessLoader: translate stack 0x00006FFFFFF67000 -> 0x0000000000324000
  ProcessLoader: translate stack 0x00006FFFFFF66000 -> 0x0000000000325000
  ProcessLoader: translate stack 0x00006FFFFFF65000 -> 0x0000000000326000
  ProcessLoader: translate stack 0x00006FFFFFF64000 -> 0x0000000000327000
  ProcessLoader: translate stack 0x00006FFFFFF63000 -> 0x0000000000328000
  ProcessLoader: translate stack 0x00006FFFFFF62000 -> 0x0000000000329000
  ProcessLoader: translate stack 0x00006FFFFFF61000 -> 0x000000000032A000
  ProcessLoader: translate stack 0x00006FFFFFF60000 -> 0x000000000032B000
  ProcessLoader: translate stack 0x00006FFFFFF5F000 -> 0x000000000032C000
  ProcessLoader: translate stack 0x00006FFFFFF5E000 -> 0x000000000032D000
  ProcessLoader: translate stack 0x00006FFFFFF5D000 -> 0x000000000032E000
  ProcessLoader: translate stack 0x00006FFFFFF5C000 -> 0x000000000032F000
  ProcessLoader: translate stack 0x00006FFFFFF5B000 -> 0x0000000000330000
  ProcessLoader: translate stack 0x00006FFFFFF5A000 -> 0x0000000000331000
  ProcessLoader: translate stack 0x00006FFFFFF59000 -> 0x0000000000332000
  ProcessLoader: translate stack 0x00006FFFFFF58000 -> 0x0000000000333000
  ProcessLoader: translate stack 0x00006FFFFFF57000 -> 0x0000000000334000
  ProcessLoader: translate stack 0x00006FFFFFF56000 -> 0x0000000000335000
  ProcessLoader: translate stack 0x00006FFFFFF55000 -> 0x0000000000336000
  ProcessLoader: translate stack 0x00006FFFFFF54000 -> 0x0000000000337000
  ProcessLoader: translate stack 0x00006FFFFFF53000 -> 0x0000000000338000
  ProcessLoader: translate stack 0x00006FFFFFF52000 -> 0x0000000000339000
  ProcessLoader: translate stack 0x00006FFFFFF51000 -> 0x000000000033A000
  ProcessLoader: translate stack 0x00006FFFFFF50000 -> 0x000000000033B000
  ProcessLoader: translate stack 0x00006FFFFFF4F000 -> 0x000000000033C000
  ProcessLoader: translate stack 0x00006FFFFFF4E000 -> 0x000000000033D000
  ProcessLoader: translate stack 0x00006FFFFFF4D000 -> 0x000000000033E000
  ProcessLoader: translate stack 0x00006FFFFFF4C000 -> 0x000000000033F000
  ProcessLoader: translate stack 0x00006FFFFFF4B000 -> 0x0000000000340000
  ProcessLoader: translate stack 0x00006FFFFFF4A000 -> 0x0000000000341000
  ProcessLoader: translate stack 0x00006FFFFFF49000 -> 0x0000000000342000
  ProcessLoader: translate stack 0x00006FFFFFF48000 -> 0x0000000000343000
  ProcessLoader: translate stack 0x00006FFFFFF47000 -> 0x0000000000344000
  ProcessLoader: translate stack 0x00006FFFFFF46000 -> 0x0000000000345000
  ProcessLoader: translate stack 0x00006FFFFFF45000 -> 0x0000000000346000
  ProcessLoader: translate stack 0x00006FFFFFF44000 -> 0x0000000000347000
  ProcessLoader: translate stack 0x00006FFFFFF43000 -> 0x0000000000348000
  ProcessLoader: translate stack 0x00006FFFFFF42000 -> 0x0000000000349000
  ProcessLoader: translate stack 0x00006FFFFFF41000 -> 0x000000000034A000
  ProcessLoader: translate stack 0x00006FFFFFF40000 -> 0x000000000034B000
  ProcessLoader: translate stack 0x00006FFFFFF3F000 -> 0x000000000034C000
  ProcessLoader: translate stack 0x00006FFFFFF3E000 -> 0x000000000034D000
  ProcessLoader: translate stack 0x00006FFFFFF3D000 -> 0x000000000034E000
  ProcessLoader: translate stack 0x00006FFFFFF3C000 -> 0x000000000034F000
  ProcessLoader: translate stack 0x00006FFFFFF3B000 -> 0x0000000000350000
  ProcessLoader: translate stack 0x00006FFFFFF3A000 -> 0x0000000000351000
  ProcessLoader: translate stack 0x00006FFFFFF39000 -> 0x0000000000352000
  ProcessLoader: translate stack 0x00006FFFFFF38000 -> 0x0000000000353000
  ProcessLoader: translate stack 0x00006FFFFFF37000 -> 0x0000000000354000
  ProcessLoader: translate stack 0x00006FFFFFF36000 -> 0x0000000000355000
  ProcessLoader: translate stack 0x00006FFFFFF35000 -> 0x0000000000356000
  ProcessLoader: translate stack 0x00006FFFFFF34000 -> 0x0000000000357000
  ProcessLoader: translate stack 0x00006FFFFFF33000 -> 0x0000000000358000
  ProcessLoader: translate stack 0x00006FFFFFF32000 -> 0x0000000000359000
  ProcessLoader: translate stack 0x00006FFFFFF31000 -> 0x000000000035A000
  ProcessLoader: translate stack 0x00006FFFFFF30000 -> 0x000000000035B000
  ProcessLoader: translate stack 0x00006FFFFFF2F000 -> 0x000000000035C000
  ProcessLoader: translate stack 0x00006FFFFFF2E000 -> 0x000000000035D000
  ProcessLoader: translate stack 0x00006FFFFFF2D000 -> 0x000000000035E000
  ProcessLoader: translate stack 0x00006FFFFFF2C000 -> 0x000000000035F000
  ProcessLoader: translate stack 0x00006FFFFFF2B000 -> 0x0000000000360000
  ProcessLoader: translate stack 0x00006FFFFFF2A000 -> 0x0000000000361000
  ProcessLoader: translate stack 0x00006FFFFFF29000 -> 0x0000000000362000
  ProcessLoader: translate stack 0x00006FFFFFF28000 -> 0x0000000000363000
  ProcessLoader: translate stack 0x00006FFFFFF27000 -> 0x0000000000364000
  ProcessLoader: translate stack 0x00006FFFFFF26000 -> 0x0000000000365000
  ProcessLoader: translate stack 0x00006FFFFFF25000 -> 0x0000000000366000
  ProcessLoader: translate stack 0x00006FFFFFF24000 -> 0x0000000000367000
  ProcessLoader: translate stack 0x00006FFFFFF23000 -> 0x0000000000368000
  ProcessLoader: translate stack 0x00006FFFFFF22000 -> 0x0000000000369000
  ProcessLoader: translate stack 0x00006FFFFFF21000 -> 0x000000000036A000
  ProcessLoader: translate stack 0x00006FFFFFF20000 -> 0x000000000036B000
  ProcessLoader: translate stack 0x00006FFFFFF1F000 -> 0x000000000036C000
  ProcessLoader: translate stack 0x00006FFFFFF1E000 -> 0x000000000036D000
  ProcessLoader: translate stack 0x00006FFFFFF1D000 -> 0x000000000036E000
  ProcessLoader: translate stack 0x00006FFFFFF1C000 -> 0x000000000036F000
  ProcessLoader: translate stack 0x00006FFFFFF1B000 -> 0x0000000000370000
  ProcessLoader: translate stack 0x00006FFFFFF1A000 -> 0x0000000000371000
  ProcessLoader: translate stack 0x00006FFFFFF19000 -> 0x0000000000372000
  ProcessLoader: translate stack 0x00006FFFFFF18000 -> 0x0000000000373000
  ProcessLoader: translate stack 0x00006FFFFFF17000 -> 0x0000000000374000
  ProcessLoader: translate stack 0x00006FFFFFF16000 -> 0x0000000000375000
  ProcessLoader: translate stack 0x00006FFFFFF15000 -> 0x0000000000376000
  ProcessLoader: translate stack 0x00006FFFFFF14000 -> 0x0000000000377000
  ProcessLoader: translate stack 0x00006FFFFFF13000 -> 0x0000000000378000
  ProcessLoader: translate stack 0x00006FFFFFF12000 -> 0x0000000000379000
  ProcessLoader: translate stack 0x00006FFFFFF11000 -> 0x000000000037A000
  ProcessLoader: translate stack 0x00006FFFFFF10000 -> 0x000000000037B000
  ProcessLoader: translate stack 0x00006FFFFFF0F000 -> 0x000000000037C000
  ProcessLoader: translate stack 0x00006FFFFFF0E000 -> 0x000000000037D000
  ProcessLoader: translate stack 0x00006FFFFFF0D000 -> 0x000000000037E000
  ProcessLoader: translate stack 0x00006FFFFFF0C000 -> 0x000000000037F000
  ProcessLoader: translate stack 0x00006FFFFFF0B000 -> 0x0000000000380000
  ProcessLoader: translate stack 0x00006FFFFFF0A000 -> 0x0000000000381000
  ProcessLoader: translate stack 0x00006FFFFFF09000 -> 0x0000000000382000
  ProcessLoader: translate stack 0x00006FFFFFF08000 -> 0x0000000000383000
  ProcessLoader: translate stack 0x00006FFFFFF07000 -> 0x0000000000384000
  ProcessLoader: translate stack 0x00006FFFFFF06000 -> 0x0000000000385000
  ProcessLoader: translate stack 0x00006FFFFFF05000 -> 0x0000000000386000
  ProcessLoader: translate stack 0x00006FFFFFF04000 -> 0x0000000000387000
  ProcessLoader: translate stack 0x00006FFFFFF03000 -> 0x0000000000388000
  ProcessLoader: translate stack 0x00006FFFFFF02000 -> 0x0000000000389000
  ProcessLoader: translate stack 0x00006FFFFFF01000 -> 0x000000000038A000
  ProcessLoader: translate stack 0x00006FFFFFF00000 -> 0x000000000038B000
  ProcessLoader: stack mapped, phys=0x0000700000000000
  ProcessLoader: creating thread...
  Heap: kmalloc size=0x0000000000000050 pages=0x0000000000000001 ptr=0x000000000038C010
  Heap: kmalloc size=0x0000000000004000 pages=0x0000000000000005 ptr=0x000000000038D010
  ProcessLoader: thread created successfully
Main: create_process child=0x000000000003E010
Main: calling kfree...
  Heap: kfree ptr=0x000000000002B010 pages=0x0000000000000013
Main: kfree done
Main: waking thread
Main: Spawn complete
[SCHED] Switching from thread 0x0000000000000000 (is_user=0x0000000000000000) to thread 0x0000000000000001 (is_user=0x0000000000000001)
[LOADER] kernel_thread_stub entered, thread=0x0000000000000001 entry=0x0000000000401000
[LOADER] CR3 loaded successfully! Entering Ring 3...
[SYSCALL] num=0x000000000000012C arg1=0x000000000040B002 arg2=0x0000000000000000 arg3=0x0000000000000000
  VFS: open called for /dev/console
  VFS: relative_path: console
  DevFS: open path='console'
  DevFS: path hex: 0x0000000000000063 0x000000000000006F 0x000000000000006E 0x0000000000000073 0x000000000000006F 0x000000000000006C 0x0000000000000065
  DevFS: matched console!
  Heap: kmalloc size=0x0000000000000010 pages=0x0000000000000001 ptr=0x000000000002B010
  VFS: register_file fd=0x0000000000000000
[SYSCALL] num=0x000000000000012C arg1=0x000000000040B00F arg2=0x0000000000000000 arg3=0x0000000000000000
  VFS: open called for /etc/profile
  VFS: relative_path: /etc/profile
FAT32: component='etc'
  VFS: fs->open failed
[SYSCALL] num=0x000000000000012C arg1=0x000000000040B01C arg2=0x0000000000000000 arg3=0x0000000000000000
  VFS: open called for /users/default/.asadrc
  VFS: relative_path: /users/default/.asadrc
FAT32: component='users'
  VFS: fs->open failed
[SYSCALL] num=0x000000000000012F arg1=0x0000000000000001 arg2=0x000000000040B057 arg3=0x0000000000000037
[SYSCALL] num=0x000000000000012F arg1=0x0000000000000000 arg2=0x000000000040B08F arg3=0x0000000000000022
Asade Capabilities CLI Shell v1.0
[SYSCALL] num=0x000000000000012F arg1=0x0000000000000000 arg2=0x00006FFFFFFFF9A8 arg3=0x000000000000000F
[acos@acos /]$ [SYSCALL] num=0x000000000000012E arg1=0x0000000000000000 arg2=0x00006FFFFFFFF957 arg3=0x0000000000000001
[SCHED] Switching from thread 0x0000000000000001 (is_user=0x0000000000000001) to thread 0x0000000000000000 (is_user=0x0000000000000000)
[PS2] IRQ1 received
[PS2] scancode=0x0000000000000023
[PS2] ascii='h'
[Console] queued 'h'
[Console] waking blocked reader
[SCHED] Switching from thread 0x0000000000000000 (is_user=0x0000000000000000) to thread 0x0000000000000001 (is_user=0x0000000000000001)
[Syscall] read returned 0x0000000000000001 byte(s)
[SYSCALL] num=0x000000000000012F arg1=0x0000000000000000 arg2=0x00006FFFFFFFF7CE arg3=0x0000000000000001
h[SYSCALL] num=0x000000000000012E arg1=0x0000000000000000 arg2=0x00006FFFFFFFF957 arg3=0x0000000000000001
[SCHED] Switching from thread 0x0000000000000001 (is_user=0x0000000000000001) to thread 0x0000000000000000 (is_user=0x0000000000000000)
[PS2] IRQ1 received
[PS2] scancode=0x00000000000000A3
[PS2] IRQ1 received
[PS2] scancode=0x0000000000000012
[PS2] ascii='e'
[Console] queued 'e'
[Console] waking blocked reader
[SCHED] Switching from thread 0x0000000000000000 (is_user=0x0000000000000000) to thread 0x0000000000000001 (is_user=0x0000000000000001)
[Syscall] read returned 0x0000000000000001 byte(s)
[SYSCALL] num=0x000000000000012F arg1=0x0000000000000000 arg2=0x00006FFFFFFFF7CE arg3=0x0000000000000001
e[SYSCALL] num=0x000000000000012E arg1=0x0000000000000000 arg2=0x00006FFFFFFFF957 arg3=0x0000000000000001
[SCHED] Switching from thread 0x0000000000000001 (is_user=0x0000000000000001) to thread 0x0000000000000000 (is_user=0x0000000000000000)
[PS2] IRQ1 received
[PS2] scancode=0x0000000000000092
[PS2] IRQ1 received
[PS2] scancode=0x0000000000000026
[PS2] ascii='l'
[Console] queued 'l'
[Console] waking blocked reader
[SCHED] Switching from thread 0x0000000000000000 (is_user=0x0000000000000000) to thread 0x0000000000000001 (is_user=0x0000000000000001)
[Syscall] read returned 0x0000000000000001 byte(s)
[SYSCALL] num=0x000000000000012F arg1=0x0000000000000000 arg2=0x00006FFFFFFFF7CE arg3=0x0000000000000001
l[SYSCALL] num=0x000000000000012E arg1=0x0000000000000000 arg2=0x00006FFFFFFFF957 arg3=0x0000000000000001
[SCHED] Switching from thread 0x0000000000000001 (is_user=0x0000000000000001) to thread 0x0000000000000000 (is_user=0x0000000000000000)
[PS2] IRQ1 received
[PS2] scancode=0x00000000000000A6
[PS2] IRQ1 received
[PS2] scancode=0x0000000000000019
[PS2] ascii='p'
[Console] queued 'p'
[Console] waking blocked reader
[SCHED] Switching from thread 0x0000000000000000 (is_user=0x0000000000000000) to thread 0x0000000000000001 (is_user=0x0000000000000001)
[Syscall] read returned 0x0000000000000001 byte(s)
[SYSCALL] num=0x000000000000012F arg1=0x0000000000000000 arg2=0x00006FFFFFFFF7CE arg3=0x0000000000000001
p[SYSCALL] num=0x000000000000012E arg1=0x0000000000000000 arg2=0x00006FFFFFFFF957 arg3=0x0000000000000001
[SCHED] Switching from thread 0x0000000000000001 (is_user=0x0000000000000001) to thread 0x0000000000000000 (is_user=0x0000000000000000)
[PS2] IRQ1 received
[PS2] scancode=0x0000000000000099
[PS2] IRQ1 received
[PS2] scancode=0x000000000000001C
[PS2] ascii='
'
[Console] queued '
'
[Console] waking blocked reader
[SCHED] Switching from thread 0x0000000000000000 (is_user=0x0000000000000000) to thread 0x0000000000000001 (is_user=0x0000000000000001)
[Syscall] read returned 0x0000000000000001 byte(s)
[SYSCALL] num=0x000000000000012F arg1=0x0000000000000000 arg2=0x000000000040B5C5 arg3=0x0000000000000001

[SYSCALL] num=0x000000000000012F arg1=0x0000000000000001 arg2=0x000000000040B1AD arg3=0x0000000000000170
[SYSCALL] num=0x000000000000012D arg1=0x0000000000000000 arg2=0x0000000000000000 arg3=0x0000000000000000
[PS2] IRQ1 received
[PS2] scancode=0x000000000000009C
[SYSCALL] num=0x000000000000012C arg1=0x000000000040B002 arg2=0x0000000000000000 arg3=0x0000000000000000
  VFS: open called for /dev/console
  VFS: relative_path: console
  DevFS: open path='console'
  DevFS: path hex: 0x0000000000000063 0x000000000000006F 0x000000000000006E 0x0000000000000073 0x000000000000006F 0x000000000000006C 0x0000000000000065
  DevFS: matched console!
  Heap: kmalloc size=0x0000000000000010 pages=0x0000000000000001 ptr=0x000000000002C010
  VFS: register_file fd=0x0000000000000000
[SYSCALL] num=0x000000000000012D arg1=0x0000000000000001 arg2=0x0000000000000000 arg3=0x0000000000000000
[SYSCALL] num=0x000000000000012C arg1=0x000000000040B002 arg2=0x0000000000000000 arg3=0x0000000000000000
  VFS: open called for /dev/console
  VFS: relative_path: console
  DevFS: open path='console'
  DevFS: path hex: 0x0000000000000063 0x000000000000006F 0x000000000000006E 0x0000000000000073 0x000000000000006F 0x000000000000006C 0x0000000000000065
  DevFS: matched console!
  Heap: kmalloc size=0x0000000000000010 pages=0x0000000000000001 ptr=0x000000000002D010
  VFS: register_file fd=0x0000000000000001
[SYSCALL] num=0x000000000000012F arg1=0x0000000000000000 arg2=0x00006FFFFFFFF9A8 arg3=0x000000000000000F
[acos@acos /]$ [SYSCALL] num=0x000000000000012E arg1=0x0000000000000000 arg2=0x00006FFFFFFFF957 arg3=0x0000000000000001
[SCHED] Switching from thread 0x0000000000000001 (is_user=0x0000000000000001) to thread 0x0000000000000000 (is_user=0x0000000000000000)
[PS2] IRQ1 received
[PS2] scancode=0x000000000000002F
[PS2] ascii='v'
[Console] queued 'v'
[Console] waking blocked reader
[SCHED] Switching from thread 0x0000000000000000 (is_user=0x0000000000000000) to thread 0x0000000000000001 (is_user=0x0000000000000001)
[Syscall] read returned 0x0000000000000001 byte(s)
[SYSCALL] num=0x000000000000012F arg1=0x0000000000000000 arg2=0x00006FFFFFFFF7CE arg3=0x0000000000000001
v[SYSCALL] num=0x000000000000012E arg1=0x0000000000000000 arg2=0x00006FFFFFFFF957 arg3=0x0000000000000001
[SCHED] Switching from thread 0x0000000000000001 (is_user=0x0000000000000001) to thread 0x0000000000000000 (is_user=0x0000000000000000)
[PS2] IRQ1 received
[PS2] scancode=0x00000000000000AF
[PS2] IRQ1 received
[PS2] scancode=0x0000000000000012
[PS2] ascii='e'
[Console] queued 'e'
[Console] waking blocked reader
[SCHED] Switching from thread 0x0000000000000000 (is_user=0x0000000000000000) to thread 0x0000000000000001 (is_user=0x0000000000000001)
[Syscall] read returned 0x0000000000000001 byte(s)
[SYSCALL] num=0x000000000000012F arg1=0x0000000000000000 arg2=0x00006FFFFFFFF7CE arg3=0x0000000000000001
e[SYSCALL] num=0x000000000000012E arg1=0x0000000000000000 arg2=0x00006FFFFFFFF957 arg3=0x0000000000000001
[SCHED] Switching from thread 0x0000000000000001 (is_user=0x0000000000000001) to thread 0x0000000000000000 (is_user=0x0000000000000000)
[PS2] IRQ1 received
[PS2] scancode=0x0000000000000092
[PS2] IRQ1 received
[PS2] scancode=0x0000000000000013
[PS2] ascii='r'
[Console] queued 'r'
[Console] waking blocked reader
[SCHED] Switching from thread 0x0000000000000000 (is_user=0x0000000000000000) to thread 0x0000000000000001 (is_user=0x0000000000000001)
[Syscall] read returned 0x0000000000000001 byte(s)
[SYSCALL] num=0x000000000000012F arg1=0x0000000000000000 arg2=0x00006FFFFFFFF7CE arg3=0x0000000000000001
r[SYSCALL] num=0x000000000000012E arg1=0x0000000000000000 arg2=0x00006FFFFFFFF957 arg3=0x0000000000000001
[SCHED] Switching from thread 0x0000000000000001 (is_user=0x0000000000000001) to thread 0x0000000000000000 (is_user=0x0000000000000000)
[PS2] IRQ1 received
[PS2] scancode=0x0000000000000093
[PS2] IRQ1 received
[PS2] scancode=0x000000000000001F
[PS2] ascii='s'
[Console] queued 's'
[Console] waking blocked reader
[SCHED] Switching from thread 0x0000000000000000 (is_user=0x0000000000000000) to thread 0x0000000000000001 (is_user=0x0000000000000001)
[Syscall] read returned 0x0000000000000001 byte(s)
[SYSCALL] num=0x000000000000012F arg1=0x0000000000000000 arg2=0x00006FFFFFFFF7CE arg3=0x0000000000000001
s[SYSCALL] num=0x000000000000012E arg1=0x0000000000000000 arg2=0x00006FFFFFFFF957 arg3=0x0000000000000001
[SCHED] Switching from thread 0x0000000000000001 (is_user=0x0000000000000001) to thread 0x0000000000000000 (is_user=0x0000000000000000)
[PS2] IRQ1 received
[PS2] scancode=0x000000000000009F
[PS2] IRQ1 received
[PS2] scancode=0x0000000000000017
[PS2] ascii='i'
[Console] queued 'i'
[Console] waking blocked reader
[SCHED] Switching from thread 0x0000000000000000 (is_user=0x0000000000000000) to thread 0x0000000000000001 (is_user=0x0000000000000001)
[Syscall] read returned 0x0000000000000001 byte(s)
[SYSCALL] num=0x000000000000012F arg1=0x0000000000000000 arg2=0x00006FFFFFFFF7CE arg3=0x0000000000000001
i[SYSCALL] num=0x000000000000012E arg1=0x0000000000000000 arg2=0x00006FFFFFFFF957 arg3=0x0000000000000001
[SCHED] Switching from thread 0x0000000000000001 (is_user=0x0000000000000001) to thread 0x0000000000000000 (is_user=0x0000000000000000)
[PS2] IRQ1 received
[PS2] scancode=0x0000000000000097
[PS2] IRQ1 received
[PS2] scancode=0x0000000000000018
[PS2] ascii='o'
[Console] queued 'o'
[Console] waking blocked reader
[SCHED] Switching from thread 0x0000000000000000 (is_user=0x0000000000000000) to thread 0x0000000000000001 (is_user=0x0000000000000001)
[Syscall] read returned 0x0000000000000001 byte(s)
[SYSCALL] num=0x000000000000012F arg1=0x0000000000000000 arg2=0x00006FFFFFFFF7CE arg3=0x0000000000000001
o[SYSCALL] num=0x000000000000012E arg1=0x0000000000000000 arg2=0x00006FFFFFFFF957 arg3=0x0000000000000001
[SCHED] Switching from thread 0x0000000000000001 (is_user=0x0000000000000001) to thread 0x0000000000000000 (is_user=0x0000000000000000)
[PS2] IRQ1 received
[PS2] scancode=0x0000000000000098
[PS2] IRQ1 received
[PS2] scancode=0x0000000000000031
[PS2] ascii='n'
[Console] queued 'n'
[Console] waking blocked reader
[SCHED] Switching from thread 0x0000000000000000 (is_user=0x0000000000000000) to thread 0x0000000000000001 (is_user=0x0000000000000001)
[Syscall] read returned 0x0000000000000001 byte(s)
[SYSCALL] num=0x000000000000012F arg1=0x0000000000000000 arg2=0x00006FFFFFFFF7CE arg3=0x0000000000000001
n[SYSCALL] num=0x000000000000012E arg1=0x0000000000000000 arg2=0x00006FFFFFFFF957 arg3=0x0000000000000001
[SCHED] Switching from thread 0x0000000000000001 (is_user=0x0000000000000001) to thread 0x0000000000000000 (is_user=0x0000000000000000)
[PS2] IRQ1 received
[PS2] scancode=0x00000000000000B1
[PS2] IRQ1 received
[PS2] scancode=0x000000000000001C
[PS2] ascii='
'
[Console] queued '
'
[Console] waking blocked reader
[SCHED] Switching from thread 0x0000000000000000 (is_user=0x0000000000000000) to thread 0x0000000000000001 (is_user=0x0000000000000001)
[Syscall] read returned 0x0000000000000001 byte(s)
[SYSCALL] num=0x000000000000012F arg1=0x0000000000000000 arg2=0x000000000040B5C5 arg3=0x0000000000000001

[SYSCALL] num=0x000000000000012F arg1=0x0000000000000001 arg2=0x000000000040B31E arg3=0x0000000000000034
Asade Shell v1.0 (Freestanding microkernel variant)
[SYSCALL] num=0x000000000000012D arg1=0x0000000000000000 arg2=0x0000000000000000 arg3=0x0000000000000000
[SYSCALL] num=0x000000000000012C arg1=0x000000000040B002 arg2=0x0000000000000000 arg3=0x0000000000000000
  VFS: open called for /dev/console
  VFS: relative_path: console
  DevFS: open path='console'
  DevFS: path hex: 0x0000000000000063 0x000000000000006F 0x000000000000006E 0x0000000000000073 0x000000000000006F 0x000000000000006C 0x0000000000000065
  DevFS: matched console!
  Heap: kmalloc size=0x0000000000000010 pages=0x0000000000000001 ptr=0x000000000002E010
  VFS: register_file fd=0x0000000000000000
[SYSCALL] num=0x000000000000012D arg1=0x0000000000000001 arg2=0x0000000000000000 arg3=0x0000000000000000
[SYSCALL] num=0x000000000000012C arg1=0x000000000040B002 arg2=0x0000000000000000 arg3=0x0000000000000000
  VFS: open called for /dev/console
  VFS: relative_path: console
  DevFS: open path='console'
  DevFS: path hex: 0x0000000000000063 0x000000000000006F 0x000000000000006E 0x0000000000000073 0x000000000000006F 0x000000000000006C 0x0000000000000065
  DevFS: matched console!
  Heap: kmalloc size=0x0000000000000010 pages=0x0000000000000001 ptr=0x000000000002F010
  VFS: register_file fd=0x0000000000000001
[SYSCALL] num=0x000000000000012F arg1=0x0000000000000000 arg2=0x00006FFFFFFFF9A8 arg3=0x000000000000000F
[acos@acos /]$ [SYSCALL] num=0x000000000000012E arg1=0x0000000000000000 arg2=0x00006FFFFFFFF957 arg3=0x0000000000000001
[SCHED] Switching from thread 0x0000000000000001 (is_user=0x0000000000000001) to thread 0x0000000000000000 (is_user=0x0000000000000000)
[PS2] IRQ1 received
[PS2] scancode=0x000000000000009C
[PS2] IRQ1 received
[PS2] scancode=0x0000000000000019
[PS2] ascii='p'
[Console] queued 'p'
[Console] waking blocked reader
[SCHED] Switching from thread 0x0000000000000000 (is_user=0x0000000000000000) to thread 0x0000000000000001 (is_user=0x0000000000000001)
[Syscall] read returned 0x0000000000000001 byte(s)
[SYSCALL] num=0x000000000000012F arg1=0x0000000000000000 arg2=0x00006FFFFFFFF7CE arg3=0x0000000000000001
p[SYSCALL] num=0x000000000000012E arg1=0x0000000000000000 arg2=0x00006FFFFFFFF957 arg3=0x0000000000000001
[SCHED] Switching from thread 0x0000000000000001 (is_user=0x0000000000000001) to thread 0x0000000000000000 (is_user=0x0000000000000000)
[PS2] IRQ1 received
[PS2] scancode=0x0000000000000099
[PS2] IRQ1 received
[PS2] scancode=0x0000000000000011
[PS2] ascii='w'
[Console] queued 'w'
[Console] waking blocked reader
[SCHED] Switching from thread 0x0000000000000000 (is_user=0x0000000000000000) to thread 0x0000000000000001 (is_user=0x0000000000000001)
[Syscall] read returned 0x0000000000000001 byte(s)
[SYSCALL] num=0x000000000000012F arg1=0x0000000000000000 arg2=0x00006FFFFFFFF7CE arg3=0x0000000000000001
w[SYSCALL] num=0x000000000000012E arg1=0x0000000000000000 arg2=0x00006FFFFFFFF957 arg3=0x0000000000000001
[SCHED] Switching from thread 0x0000000000000001 (is_user=0x0000000000000001) to thread 0x0000000000000000 (is_user=0x0000000000000000)
[PS2] IRQ1 received
[PS2] scancode=0x0000000000000091
[PS2] IRQ1 received
[PS2] scancode=0x0000000000000020
[PS2] ascii='d'
[Console] queued 'd'
[Console] waking blocked reader
[SCHED] Switching from thread 0x0000000000000000 (is_user=0x0000000000000000) to thread 0x0000000000000001 (is_user=0x0000000000000001)
[Syscall] read returned 0x0000000000000001 byte(s)
[SYSCALL] num=0x000000000000012F arg1=0x0000000000000000 arg2=0x00006FFFFFFFF7CE arg3=0x0000000000000001
d[SYSCALL] num=0x000000000000012E arg1=0x0000000000000000 arg2=0x00006FFFFFFFF957 arg3=0x0000000000000001
[SCHED] Switching from thread 0x0000000000000001 (is_user=0x0000000000000001) to thread 0x0000000000000000 (is_user=0x0000000000000000)
[PS2] IRQ1 received
[PS2] scancode=0x00000000000000A0
[PS2] IRQ1 received
[PS2] scancode=0x000000000000001C
[PS2] ascii='
'
[Console] queued '
'
[Console] waking blocked reader
[SCHED] Switching from thread 0x0000000000000000 (is_user=0x0000000000000000) to thread 0x0000000000000001 (is_user=0x0000000000000001)
[Syscall] read returned 0x0000000000000001 byte(s)
[SYSCALL] num=0x000000000000012F arg1=0x0000000000000000 arg2=0x000000000040B5C5 arg3=0x0000000000000001

[SYSCALL] num=0x000000000000012F arg1=0x0000000000000001 arg2=0x00006FFFFFFFFBD0 arg3=0x0000000000000001
/[SYSCALL] num=0x000000000000012F arg1=0x0000000000000001 arg2=0x000000000040B5C5 arg3=0x0000000000000001

[SYSCALL] num=0x000000000000012D arg1=0x0000000000000000 arg2=0x0000000000000000 arg3=0x0000000000000000
[SYSCALL] num=0x000000000000012C arg1=0x000000000040B002 arg2=0x0000000000000000 arg3=0x0000000000000000
  VFS: open called for /dev/console
  VFS: relative_path: console
  DevFS: open path='console'
  DevFS: path hex: 0x0000000000000063 0x000000000000006F 0x000000000000006E 0x0000000000000073 0x000000000000006F 0x000000000000006C 0x0000000000000065
  DevFS: matched console!
  Heap: kmalloc size=0x0000000000000010 pages=0x0000000000000001 ptr=0x0000000000030010
  VFS: register_file fd=0x0000000000000000
[SYSCALL] num=0x000000000000012D arg1=0x0000000000000001 arg2=0x0000000000000000 arg3=0x0000000000000000
[SYSCALL] num=0x000000000000012C arg1=0x000000000040B002 arg2=0x0000000000000000 arg3=0x0000000000000000
  VFS: open called for /dev/console
  VFS: relative_path: console
  DevFS: open path='console'
  DevFS: path hex: 0x0000000000000063 0x000000000000006F 0x000000000000006E 0x0000000000000073 0x000000000000006F 0x000000000000006C 0x0000000000000065
  DevFS: matched console!
  Heap: kmalloc size=0x0000000000000010 pages=0x0000000000000001 ptr=0x0000000000031010
  VFS: register_file fd=0x0000000000000001
[SYSCALL] num=0x000000000000012F arg1=0x0000000000000000 arg2=0x00006FFFFFFFF9A8 arg3=0x000000000000000F
[acos@acos /]$ [SYSCALL] num=0x000000000000012E arg1=0x0000000000000000 arg2=0x00006FFFFFFFF957 arg3=0x0000000000000001
[SCHED] Switching from thread 0x0000000000000001 (is_user=0x0000000000000001) to thread 0x0000000000000000[PS2] IRQ1 received
[PS2] scancode=0x000000000000009C
 (is_user=0x0000000000000000)
[PS2] IRQ1 received
[PS2] scancode=0x000000000000001F
[PS2] ascii='s'
[Console] queued 's'
[Console] waking blocked reader
[SCHED] Switching from thread 0x0000000000000000 (is_user=0x0000000000000000) to thread 0x0000000000000001 (is_user=0x0000000000000001)
[Syscall] read returned 0x0000000000000001 byte(s)
[SYSCALL] num=0x000000000000012F arg1=0x0000000000000000 arg2=0x00006FFFFFFFF7CE arg3=0x0000000000000001
s[SYSCALL] num=0x000000000000012E arg1=0x0000000000000000 arg2=0x00006FFFFFFFF957 arg3=0x0000000000000001
[SCHED] Switching from thread 0x0000000000000001 (is_user=0x0000000000000001) to thread 0x0000000000000000 (is_user=0x0000000000000000)
[PS2] IRQ1 received
[PS2] scancode=0x000000000000009F
[PS2] IRQ1 received
[PS2] scancode=0x0000000000000012
[PS2] ascii='e'
[Console] queued 'e'
[Console] waking blocked reader
[SCHED] Switching from thread 0x0000000000000000 (is_user=0x0000000000000000) to thread 0x0000000000000001 (is_user=0x0000000000000001)
[Syscall] read returned 0x0000000000000001 byte(s)
[SYSCALL] num=0x000000000000012F arg1=0x0000000000000000 arg2=0x00006FFFFFFFF7CE arg3=0x0000000000000001
e[SYSCALL] num=0x000000000000012E arg1=0x0000000000000000 arg2=0x00006FFFFFFFF957 arg3=0x0000000000000001
[SCHED] Switching from thread 0x0000000000000001 (is_user=0x0000000000000001) to thread 0x0000000000000000 (is_user=0x0000000000000000)
[PS2] IRQ1 received
[PS2] scancode=0x0000000000000092
[PS2] IRQ1 received
[PS2] scancode=0x0000000000000014
[PS2] ascii='t'
[Console] queued 't'
[Console] waking blocked reader
[SCHED] Switching from thread 0x0000000000000000 (is_user=0x0000000000000000) to thread 0x0000000000000001 (is_user=0x0000000000000001)
[Syscall] read returned 0x0000000000000001 byte(s)
[SYSCALL] num=0x000000000000012F arg1=0x0000000000000000 arg2=0x00006FFFFFFFF7CE arg3=0x0000000000000001
t[SYSCALL] num=0x000000000000012E arg1=0x0000000000000000 arg2=0x00006FFFFFFFF957 arg3=0x0000000000000001
[SCHED] Switching from thread 0x0000000000000001 (is_user=0x0000000000000001) to thread 0x0000000000000000 (is_user=0x0000000000000000)
[PS2] IRQ1 received
[PS2] scancode=0x0000000000000094
[PS2] IRQ1 received
[PS2] scancode=0x000000000000001C
[PS2] ascii='
'
[Console] queued '
'
[Console] waking blocked reader
[SCHED] Switching from thread 0x0000000000000000 (is_user=0x0000000000000000) to thread 0x0000000000000001 (is_user=0x0000000000000001)
[Syscall] read returned 0x0000000000000001 byte(s)
[SYSCALL] num=0x000000000000012F arg1=0x0000000000000000 arg2=0x000000000040B5C5 arg3=0x0000000000000001

[SYSCALL] num=0x000000000000012F arg1=0x0000000000000001 arg2=0x0000000000422F70 arg3=0x0000000000000004
PATH[SYSCALL] num=0x000000000000012F arg1=0x0000000000000001 arg2=0x000000000040B5B8 arg3=0x0000000000000001
=[SYSCALL] num=0x000000000000012F arg1=0x0000000000000001 arg2=0x0000000000422FF0 arg3=0x000000000000001C
/bin:/usr/bin:/usr/local/bin[SYSCALL] num=0x000000000000012F arg1=0x0000000000000001 arg2=0x000000000040B5C5 arg3=0x0000000000000001

[SYSCALL] num=0x000000000000012F arg1=0x0000000000000001 arg2=0x00000000004231F1 arg3=0x0000000000000004
HOME[SYSCALL] num=0x000000000000012F arg1=0x0000000000000001 arg2=0x000000000040B5B8 arg3=0x0000000000000001
=[SYSCALL] num=0x000000000000012F arg1=0x0000000000000001 arg2=0x0000000000423271 arg3=0x000000000000000E
/users/default[SYSCALL] num=0x000000000000012F arg1=0x0000000000000001 arg2=0x000000000040B5C5 arg3=0x0000000000000001

[SYSCALL] num=0x000000000000012F arg1=0x0000000000000001 arg2=0x0000000000423472 arg3=0x0000000000000004
USER[SYSCALL] num=0x000000000000012F arg1=0x0000000000000001 arg2=0x000000000040B5B8 arg3=0x0000000000000001
=[SYSCALL] num=0x000000000000012F arg1=0x0000000000000001 arg2=0x00000000004234F2 arg3=0x0000000000000004
acos[SYSCALL] num=0x000000000000012F arg1=0x0000000000000001 arg2=0x000000000040B5C5 arg3=0x0000000000000001

[PS2] IRQ1 received
[PS2] scancode=0x000000000000009C
[SYSCALL] num=0x000000000000012F arg1=0x0000000000000001 arg2=0x00000000004236F3 arg3=0x0000000000000006
PROMPT[SYSCALL] num=0x000000000000012F arg1=0x0000000000000001 arg2=0x000000000040B5B8 arg3=0x0000000000000001
=[SYSCALL] num=0x000000000000012F arg1=0x0000000000000001 arg2=0x0000000000423773 arg3=0x000000000000000E
[\u@acos \W]$ [SYSCALL] num=0x000000000000012F arg1=0x0000000000000001 arg2=0x000000000040B5C5 arg3=0x0000000000000001

[SYSCALL] num=0x000000000000012F arg1=0x0000000000000001 arg2=0x0000000000423974 arg3=0x0000000000000001
?[SYSCALL] num=0x000000000000012F arg1=0x0000000000000001 arg2=0x000000000040B5B8 arg3=0x0000000000000001
=[SYSCALL] num=0x000000000000012F arg1=0x0000000000000001 arg2=0x00000000004239F4 arg3=0x0000000000000001
0[SYSCALL] num=0x000000000000012F arg1=0x0000000000000001 arg2=0x000000000040B5C5 arg3=0x0000000000000001

[SYSCALL] num=0x000000000000012D arg1=0x0000000000000000 arg2=0x0000000000000000 arg3=0x0000000000000000
[SYSCALL] num=0x000000000000012C arg1=0x000000000040B002 arg2=0x0000000000000000 arg3=0x0000000000000000
  VFS: open called for /dev/console
  VFS: relative_path: console
  DevFS: open path='console'
  DevFS: path hex: 0x0000000000000063 0x000000000000006F 0x000000000000006E 0x0000000000000073 0x000000000000006F 0x000000000000006C 0x0000000000000065
  DevFS: matched console!
  Heap: kmalloc size=0x0000000000000010 pages=0x0000000000000001 ptr=0x0000000000032010
  VFS: register_file fd=0x0000000000000000
[SYSCALL] num=0x000000000000012D arg1=0x0000000000000001 arg2=0x0000000000000000 arg3=0x0000000000000000
[SYSCALL] num=0x000000000000012C arg1=0x000000000040B002 arg2=0x0000000000000000 arg3=0x0000000000000000
  VFS: open called for /dev/console
  VFS: relative_path: console
  DevFS: open path='console'
  DevFS: path hex: 0x0000000000000063 0x000000000000006F 0x000000000000006E 0x0000000000000073 0x000000000000006F 0x000000000000006C 0x0000000000000065
  DevFS: matched console!
  Heap: kmalloc size=0x0000000000000010 pages=0x0000000000000001 ptr=0x0000000000033010
  VFS: register_file fd=0x0000000000000001
[SYSCALL] num=0x000000000000012F arg1=0x0000000000000000 arg2=0x00006FFFFFFFF9A8 arg3=0x000000000000000F
[acos@acos /]$ [SYSCALL] num=0x000000000000012E arg1=0x0000000000000000 arg2=0x00006FFFFFFFF957 arg3=0x0000000000000001
[SCHED] Switching from thread 0x0000000000000001 (is_user=0x0000000000000001) to thread 0x0000000000000000 (is_user=0x0000000000000000)
[PS2] IRQ1 received
[PS2] scancode=0x0000000000000012
[PS2] ascii='e'
[Console] queued 'e'
[Console] waking blocked reader
[SCHED] Switching from thread 0x0000000000000000 (is_user=0x0000000000000000) to thread 0x0000000000000001 (is_user=0x0000000000000001)
[Syscall] read returned 0x0000000000000001 byte(s)
[SYSCALL] num=0x000000000000012F arg1=0x0000000000000000 arg2=0x00006FFFFFFFF7CE arg3=0x0000000000000001
e[SYSCALL] num=0x000000000000012E arg1=0x0000000000000000 arg2=0x00006FFFFFFFF957 arg3=0x0000000000000001
[SCHED] Switching from thread 0x0000000000000001 (is_user=0x0000000000000001) to thread 0x0000000000000000 (is_user=0x0000000000000000)
[PS2] IRQ1 received
[PS2] scancode=0x0000000000000092
[PS2] IRQ1 received
[PS2] scancode=0x0000000000000031
[PS2] ascii='n'
[Console] queued 'n'
[Console] waking blocked reader
[SCHED] Switching from thread 0x0000000000000000 (is_user=0x0000000000000000) to thread 0x0000000000000001 (is_user=0x0000000000000001)
[Syscall] read returned 0x0000000000000001 byte(s)
[SYSCALL] num=0x000000000000012F arg1=0x0000000000000000 arg2=0x00006FFFFFFFF7CE arg3=0x0000000000000001
n[SYSCALL] num=0x000000000000012E arg1=0x0000000000000000 arg2=0x00006FFFFFFFF957 arg3=0x0000000000000001
[SCHED] Switching from thread 0x0000000000000001 (is_user=0x0000000000000001) to thread 0x0000000000000000 (is_user=0x0000000000000000)
[PS2] IRQ1 received
[PS2] scancode=0x00000000000000B1
[PS2] IRQ1 received
[PS2] scancode=0x000000000000002F
[PS2] ascii='v'
[Console] queued 'v'
[Console] waking blocked reader
[SCHED] Switching from thread 0x0000000000000000 (is_user=0x0000000000000000) to thread 0x0000000000000001 (is_user=0x0000000000000001)
[Syscall] read returned 0x0000000000000001 byte(s)
[SYSCALL] num=0x000000000000012F arg1=0x0000000000000000 arg2=0x00006FFFFFFFF7CE arg3=0x0000000000000001
v[SYSCALL] num=0x000000000000012E arg1=0x0000000000000000 arg2=0x00006FFFFFFFF957 arg3=0x0000000000000001
[SCHED] Switching from thread 0x0000000000000001 (is_user=0x0000000000000001) to thread 0x0000000000000000 (is_user=0x0000000000000000)
[PS2] IRQ1 received
[PS2] scancode=0x00000000000000AF
[PS2] IRQ1 received
[PS2] scancode=0x000000000000001C
[PS2] ascii='
'
[Console] queued '
'
[Console] waking blocked reader
[SCHED] Switching from thread 0x0000000000000000 (is_user=0x0000000000000000) to thread 0x0000000000000001 (is_user=0x0000000000000001)
[Syscall] read returned 0x0000000000000001 byte(s)
[SYSCALL] num=0x000000000000012F arg1=0x0000000000000000 arg2=0x000000000040B5C5 arg3=0x0000000000000001

[SYSCALL] num=0x000000000000012F arg1=0x0000000000000001 arg2=0x0000000000422F70 arg3=0x0000000000000004
PATH[SYSCALL] num=0x000000000000012F arg1=0x0000000000000001 arg2=0x000000000040B5B8 arg3=0x0000000000000001
=[SYSCALL] num=0x000000000000012F arg1=0x0000000000000001 arg2=0x0000000000422FF0 arg3=0x000000000000001C
/bin:/usr/bin:/usr/local/bin[SYSCALL] num=0x000000000000012F arg1=0x0000000000000001 arg2=0x000000000040B5C5 arg3=0x0000000000000001

[SYSCALL] num=0x000000000000012F arg1=0x0000000000000001 arg2=0x00000000004231F1 arg3=0x0000000000000004
HOME[SYSCALL] num=0x000000000000012F arg1=0x0000000000000001 arg2=0x000000000040B5B8 arg3=0x0000000000000001
=[SYSCALL] num=0x000000000000012F arg1=0x0000000000000001 arg2=0x0000000000423271 arg3=0x000000000000000E
/users/default[SYSCALL] num=0x000000000000012F arg1=0x0000000000000001 arg2=0x000000000040B5C5 arg3=0x0000000000000001

[SYSCALL] num=0x000000000000012F arg1=0x0000000000000001 arg2=0x0000000000423472 arg3=0x0000000000000004
USER[SYSCALL] num=0x000000000000012F arg1=0x0000000000000001 arg2=0x000000000040B5B8 arg3=0x0000000000000001
=[SYSCALL] num=0x000000000000012F arg1=0x0000000000000001 arg2=0x00000000004234F2 arg3=0x0000000000000004
acos[SYSCALL] num=0x000000000000012F arg1=0x0000000000000001 arg2=0x000000000040B5C5 arg3=0x0000000000000001

[SYSCALL] num=0x000000000000012F arg1=0x0000000000000001 arg2=0x00000000004236F3 arg3=0x0000000000000006
PROMPT[PS2] IRQ1 received
[PS2] scancode=0x000000000000009C
[SYSCALL] num=0x000000000000012F arg1=0x0000000000000001 arg2=0x000000000040B5B8 arg3=0x0000000000000001
=[SYSCALL] num=0x000000000000012F arg1=0x0000000000000001 arg2=0x0000000000423773 arg3=0x000000000000000E
[\u@acos \W]$ [SYSCALL] num=0x000000000000012F arg1=0x0000000000000001 arg2=0x000000000040B5C5 arg3=0x0000000000000001

[SYSCALL] num=0x000000000000012D arg1=0x0000000000000000 arg2=0x0000000000000000 arg3=0x0000000000000000
[SYSCALL] num=0x000000000000012C arg1=0x000000000040B002 arg2=0x0000000000000000 arg3=0x0000000000000000
  VFS: open called for /dev/console
  VFS: relative_path: console
  DevFS: open path='console'
  DevFS: path hex: 0x0000000000000063 0x000000000000006F 0x000000000000006E 0x0000000000000073 0x000000000000006F 0x000000000000006C 0x0000000000000065
  DevFS: matched console!
  Heap: kmalloc size=0x0000000000000010 pages=0x0000000000000001 ptr=0x0000000000034010
  VFS: register_file fd=0x0000000000000000
[SYSCALL] num=0x000000000000012D arg1=0x0000000000000001 arg2=0x0000000000000000 arg3=0x0000000000000000
[SYSCALL] num=0x000000000000012C arg1=0x000000000040B002 arg2=0x0000000000000000 arg3=0x0000000000000000
  VFS: open called for /dev/console
  VFS: relative_path: console
  DevFS: open path='console'
  DevFS: path hex: 0x0000000000000063 0x000000000000006F 0x000000000000006E 0x0000000000000073 0x000000000000006F 0x000000000000006C 0x0000000000000065
  DevFS: matched console!
  Heap: kmalloc size=0x0000000000000010 pages=0x0000000000000001 ptr=0x0000000000035010
  VFS: register_file fd=0x0000000000000001
[SYSCALL] num=0x000000000000012F arg1=0x0000000000000000 arg2=0x00006FFFFFFFF9A8 arg3=0x000000000000000F
[acos@acos /]$ [SYSCALL] num=0x000000000000012E arg1=0x0000000000000000 arg2=0x00006FFFFFFFF957 arg3=0x0000000000000001
[SCHED] Switching from thread 0x0000000000000001 (is_user=0x0000000000000001) to thread 0x0000000000000000 (is_user=0x0000000000000000)
[PS2] IRQ1 received
[PS2] scancode=0x000000000000001E
[PS2] ascii='a'
[Console] queued 'a'
[Console] waking blocked reader
[SCHED] Switching from thread 0x0000000000000000 (is_user=0x0000000000000000) to thread 0x0000000000000001 (is_user=0x0000000000000001)
[Syscall] read returned 0x0000000000000001 byte(s)
[SYSCALL] num=0x000000000000012F arg1=0x0000000000000000 arg2=0x00006FFFFFFFF7CE arg3=0x0000000000000001
a[SYSCALL] num=0x000000000000012E arg1=0x0000000000000000 arg2=0x00006FFFFFFFF957 arg3=0x0000000000000001
[SCHED] Switching from thread 0x0000000000000001 (is_user=0x0000000000000001) to thread 0x0000000000000000 (is_user=0x0000000000000000)
[PS2] IRQ1 received
[PS2] scancode=0x000000000000009E
[PS2] IRQ1 received
[PS2] scancode=0x0000000000000026
[PS2] ascii='l'
[Console] queued 'l'
[Console] waking blocked reader
[SCHED] Switching from thread 0x0000000000000000 (is_user=0x0000000000000000) to thread 0x0000000000000001 (is_user=0x0000000000000001)
[Syscall] read returned 0x0000000000000001 byte(s)
[SYSCALL] num=0x000000000000012F arg1=0x0000000000000000 arg2=0x00006FFFFFFFF7CE arg3=0x0000000000000001
l[SYSCALL] num=0x000000000000012E arg1=0x0000000000000000 arg2=0x00006FFFFFFFF957 arg3=0x0000000000000001
[SCHED] Switching from thread 0x0000000000000001 (is_user=0x0000000000000001) to thread 0x0000000000000000 (is_user=0x0000000000000000)
[PS2] IRQ1 received
[PS2] scancode=0x00000000000000A6
[PS2] IRQ1 received
[PS2] scancode=0x0000000000000017
[PS2] ascii='i'
[Console] queued 'i'
[Console] waking blocked reader
[SCHED] Switching from thread 0x0000000000000000 (is_user=0x0000000000000000) to thread 0x0000000000000001 (is_user=0x0000000000000001)
[Syscall] read returned 0x0000000000000001 byte(s)
[SYSCALL] num=0x000000000000012F arg1=0x0000000000000000 arg2=0x00006FFFFFFFF7CE arg3=0x0000000000000001
i[SYSCALL] num=0x000000000000012E arg1=0x0000000000000000 arg2=0x00006FFFFFFFF957 arg3=0x0000000000000001
[SCHED] Switching from thread 0x0000000000000001 (is_user=0x0000000000000001) to thread 0x0000000000000000 (is_user=0x0000000000000000)
[PS2] IRQ1 received
[PS2] scancode=0x0000000000000097
[PS2] IRQ1 received
[PS2] scancode=0x000000000000001E
[PS2] ascii='a'
[Console] queued 'a'
[Console] waking blocked reader
[SCHED] Switching from thread 0x0000000000000000 (is_user=0x0000000000000000) to thread 0x0000000000000001 (is_user=0x0000000000000001)
[Syscall] read returned 0x0000000000000001 byte(s)
[SYSCALL] num=0x000000000000012F arg1=0x0000000000000000 arg2=0x00006FFFFFFFF7CE arg3=0x0000000000000001
a[SYSCALL] num=0x000000000000012E arg1=0x0000000000000000 arg2=0x00006FFFFFFFF957 arg3=0x0000000000000001
[SCHED] Switching from thread 0x0000000000000001 (is_user=0x0000000000000001) to thread 0x0000000000000000 (is_user=0x0000000000000000)
[PS2] IRQ1 received
[PS2] scancode=0x000000000000009E
[PS2] IRQ1 received
[PS2] scancode=0x000000000000001F
[PS2] ascii='s'
[Console] queued 's'
[Console] waking blocked reader
[SCHED] Switching from thread 0x0000000000000000 (is_user=0x0000000000000000) to thread 0x0000000000000001 (is_user=0x0000000000000001)
[Syscall] read returned 0x0000000000000001 byte(s)
[SYSCALL] num=0x000000000000012F arg1=0x0000000000000000 arg2=0x00006FFFFFFFF7CE arg3=0x0000000000000001
s[SYSCALL] num=0x000000000000012E arg1=0x0000000000000000 arg2=0x00006FFFFFFFF957 arg3=0x0000000000000001
[SCHED] Switching from thread 0x0000000000000001 (is_user=0x0000000000000001) to thread 0x0000000000000000 (is_user=0x0000000000000000)
[PS2] IRQ1 received
[PS2] scancode=0x000000000000009F
[PS2] IRQ1 received
[PS2] scancode=0x0000000000000039
[PS2] ascii=' '
[Console] queued ' '
[Console] waking blocked reader
[SCHED] Switching from thread 0x0000000000000000 (is_user=0x0000000000000000) to thread 0x0000000000000001 (is_user=0x0000000000000001)
[Syscall] read returned 0x0000000000000001 byte(s)
[SYSCALL] num=0x000000000000012F arg1=0x0000000000000000 arg2=0x00006FFFFFFFF7CE arg3=0x0000000000000001
 [SYSCALL] num=0x000000000000012E arg1=0x0000000000000000 arg2=0x00006FFFFFFFF957 arg3=0x0000000000000001
[SCHED] Switching from thread 0x0000000000000001 (is_user=0x0000000000000001) to thread 0x0000000000000000 (is_user=0x0000000000000000)
[PS2] IRQ1 received
[PS2] scancode=0x00000000000000B9
[PS2] IRQ1 received
[PS2] scancode=0x0000000000000026
[PS2] ascii='l'
[Console] queued 'l'
[Console] waking blocked reader
[SCHED] Switching from thread 0x0000000000000000 (is_user=0x0000000000000000) to thread 0x0000000000000001 (is_user=0x0000000000000001)
[Syscall] read returned 0x0000000000000001 byte(s)
[SYSCALL] num=0x000000000000012F arg1=0x0000000000000000 arg2=0x00006FFFFFFFF7CE arg3=0x0000000000000001
l[SYSCALL] num=0x000000000000012E arg1=0x0000000000000000 arg2=0x00006FFFFFFFF957 arg3=0x0000000000000001
[SCHED] Switching from thread 0x0000000000000001 (is_user=0x0000000000000001) to thread 0x0000000000000000 (is_user=0x0000000000000000)
[PS2] IRQ1 received
[PS2] scancode=0x00000000000000A6
[PS2] IRQ1 received
[PS2] scancode=0x000000000000000D
[PS2] ascii='='
[Console] queued '='
[Console] waking blocked reader
[SCHED] Switching from thread 0x0000000000000000 (is_user=0x0000000000000000) to thread 0x0000000000000001 (is_user=0x0000000000000001)
[Syscall] read returned 0x0000000000000001 byte(s)
[SYSCALL] num=0x000000000000012F arg1=0x0000000000000000 arg2=0x00006FFFFFFFF7CE arg3=0x0000000000000001
=[SYSCALL] num=0x000000000000012E arg1=0x0000000000000000 arg2=0x00006FFFFFFFF957 arg3=0x0000000000000001
[SCHED] Switching from thread 0x0000000000000001 (is_user=0x0000000000000001) to thread 0x0000000000000000 (is_user=0x0000000000000000)
[PS2] IRQ1 received
[PS2] scancode=0x000000000000008D
[PS2] IRQ1 received
[PS2] scancode=0x0000000000000028
[PS2] ascii='''
[Console] queued '''
[Console] waking blocked reader
[SCHED] Switching from thread 0x0000000000000000 (is_user=0x0000000000000000) to thread 0x0000000000000001 (is_user=0x0000000000000001)
[Syscall] read returned 0x0000000000000001 byte(s)
[SYSCALL] num=0x000000000000012F arg1=0x0000000000000000 arg2=0x00006FFFFFFFF7CE arg3=0x0000000000000001
'[SYSCALL] num=0x000000000000012E arg1=0x0000000000000000 arg2=0x00006FFFFFFFF957 arg3=0x0000000000000001
[SCHED] Switching from thread 0x0000000000000001 (is_user=0x0000000000000001) to thread 0x0000000000000000 (is_user=0x0000000000000000)
[PS2] IRQ1 received
[PS2] scancode=0x00000000000000A8
[PS2] IRQ1 received
[PS2] scancode=0x0000000000000026
[PS2] ascii='l'
[Console] queued 'l'
[Console] waking blocked reader
[SCHED] Switching from thread 0x0000000000000000 (is_user=0x0000000000000000) to thread 0x0000000000000001 (is_user=0x0000000000000001)
[Syscall] read returned 0x0000000000000001 byte(s)
[SYSCALL] num=0x000000000000012F arg1=0x0000000000000000 arg2=0x00006FFFFFFFF7CE arg3=0x0000000000000001
l[SYSCALL] num=0x000000000000012E arg1=0x0000000000000000 arg2=0x00006FFFFFFFF957 arg3=0x0000000000000001
[SCHED] Switching from thread 0x0000000000000001 (is_user=0x0000000000000001) to thread 0x0000000000000000 (is_user=0x0000000000000000)
[PS2] IRQ1 received
[PS2] scancode=0x00000000000000A6
[PS2] IRQ1 received
[PS2] scancode=0x000000000000001F
[PS2] ascii='s'
[Console] queued 's'
[Console] waking blocked reader
[SCHED] Switching from thread 0x0000000000000000 (is_user=0x0000000000000000) to thread 0x0000000000000001 (is_user=0x0000000000000001)
[Syscall] read returned 0x0000000000000001 byte(s)
[SYSCALL] num=0x000000000000012F arg1=0x0000000000000000 arg2=0x00006FFFFFFFF7CE arg3=0x0000000000000001
s[SYSCALL] num=0x000000000000012E arg1=0x0000000000000000 arg2=0x00006FFFFFFFF957 arg3=0x0000000000000001
[SCHED] Switching from thread 0x0000000000000001 (is_user=0x0000000000000001) to thread 0x0000000000000000 (is_user=0x0000000000000000)
[PS2] IRQ1 received
[PS2] scancode=0x000000000000009F
[PS2] IRQ1 received
[PS2] scancode=0x0000000000000028
[PS2] ascii='''
[Console] queued '''
[Console] waking blocked reader
[SCHED] Switching from thread 0x0000000000000000 (is_user=0x0000000000000000) to thread 0x0000000000000001 (is_user=0x0000000000000001)
[Syscall] read returned 0x0000000000000001 byte(s)
[SYSCALL] num=0x000000000000012F arg1=0x0000000000000000 arg2=0x00006FFFFFFFF7CE arg3=0x0000000000000001
'[SYSCALL] num=0x000000000000012E arg1=0x0000000000000000 arg2=0x00006FFFFFFFF957 arg3=0x0000000000000001
[SCHED] Switching from thread 0x0000000000000001 (is_user=0x0000000000000001) to thread 0x0000000000000000 (is_user=0x0000000000000000)
[PS2] IRQ1 received
[PS2] scancode=0x00000000000000A8
[PS2] IRQ1 received
[PS2] scancode=0x000000000000001C
[PS2] ascii='
'
[Console] queued '
'
[Console] waking blocked reader
[SCHED] Switching from thread 0x0000000000000000 (is_user=0x0000000000000000) to thread 0x0000000000000001 (is_user=0x0000000000000001)
[Syscall] read returned 0x0000000000000001 byte(s)
[SYSCALL] num=0x000000000000012F arg1=0x0000000000000000 arg2=0x000000000040B5C5 arg3=0x0000000000000001

[SYSCALL] num=0x000000000000012D arg1=0x0000000000000000 arg2=0x0000000000000000 arg3=0x0000000000000000
[SYSCALL] num=0x000000000000012C arg1=0x000000000040B002 arg2=0x0000000000000000 arg3=0x0000000000000000
  VFS: open called for /dev/console
  VFS: relative_path: console
  DevFS: open path='console'
  DevFS: path hex: 0x0000000000000063 0x000000000000006F 0x000000000000006E 0x0000000000000073 0x000000000000006F 0x000000000000006C 0x0000000000000065
  DevFS: matched console!
  Heap: kmalloc size=0x0000000000000010 pages=0x0000000000000001 ptr=0x0000000000036010
  VFS: register_file fd=0x0000000000000000
[SYSCALL] num=0x000000000000012D arg1=0x0000000000000001 arg2=0x0000000000000000 arg3=0x0000000000000000
[SYSCALL] num=0x000000000000012C arg1=0x000000000040B002 arg2=0x0000000000000000 arg3=0x0000000000000000
  VFS: open called for /dev/console
  VFS: relative_path: console
  DevFS: open path='console'
  DevFS: path hex: 0x0000000000000063 0x000000000000006F 0x000000000000006E 0x0000000000000073 0x000000000000006F 0x000000000000006C 0x0000000000000065
  DevFS: matched console!
  Heap: kmalloc size=0x0000000000000010 pages=0x0000000000000001 ptr=0x0000000000037010
  VFS: register_file fd=0x0000000000000001
[SYSCALL] num=0x000000000000012F arg1=0x0000000000000000 arg2=0x00006FFFFFFFF9A8 arg3=0x000000000000000F
[acos@acos /]$ [SYSCALL] num=0x000000000000012E arg1=0x0000000000000000 arg2=0x00006FFFFFFFF957 arg3=0x0000000000000001
[SCHED] Switching from thread 0x0000000000000001 (is_user=0x0000000000000001) to thread 0x0000000000000000 (is_user=0x0000000000000000)
[PS2] IRQ1 received
[PS2] scancode=0x000000000000009C
[PS2] IRQ1 received
[PS2] scancode=0x000000000000001E
[PS2] ascii='a'
[Console] queued 'a'
[Console] waking blocked reader
[SCHED] Switching from thread 0x0000000000000000 (is_user=0x0000000000000000) to thread 0x0000000000000001 (is_user=0x0000000000000001)
[Syscall] read returned 0x0000000000000001 byte(s)
[SYSCALL] num=0x000000000000012F arg1=0x0000000000000000 arg2=0x00006FFFFFFFF7CE arg3=0x0000000000000001
a[SYSCALL] num=0x000000000000012E arg1=0x0000000000000000 arg2=0x00006FFFFFFFF957 arg3=0x0000000000000001
[SCHED] Switching from thread 0x0000000000000001 (is_user=0x0000000000000001) to thread 0x0000000000000000 (is_user=0x0000000000000000)
[PS2] IRQ1 received
[PS2] scancode=0x000000000000009E
[PS2] IRQ1 received
[PS2] scancode=0x0000000000000026
[PS2] ascii='l'
[Console] queued 'l'
[Console] waking blocked reader
[SCHED] Switching from thread 0x0000000000000000 (is_user=0x0000000000000000) to thread 0x0000000000000001 (is_user=0x0000000000000001)
[Syscall] read returned 0x0000000000000001 byte(s)
[SYSCALL] num=0x000000000000012F arg1=0x0000000000000000 arg2=0x00006FFFFFFFF7CE arg3=0x0000000000000001
l[SYSCALL] num=0x000000000000012E arg1=0x0000000000000000 arg2=0x00006FFFFFFFF957 arg3=0x0000000000000001
[SCHED] Switching from thread 0x0000000000000001 (is_user=0x0000000000000001) to thread 0x0000000000000000 (is_user=0x0000000000000000)
[PS2] IRQ1 received
[PS2] scancode=0x00000000000000A6
[PS2] IRQ1 received
[PS2] scancode=0x0000000000000017
[PS2] ascii='i'
[Console] queued 'i'
[Console] waking blocked reader
[SCHED] Switching from thread 0x0000000000000000 (is_user=0x0000000000000000) to thread 0x0000000000000001 (is_user=0x0000000000000001)
[Syscall] read returned 0x0000000000000001 byte(s)
[SYSCALL] num=0x000000000000012F arg1=0x0000000000000000 arg2=0x00006FFFFFFFF7CE arg3=0x0000000000000001
i[SYSCALL] num=0x000000000000012E arg1=0x0000000000000000 arg2=0x00006FFFFFFFF957 arg3=0x0000000000000001
[SCHED] Switching from thread 0x0000000000000001 (is_user=0x0000000000000001) to thread 0x0000000000000000 (is_user=0x0000000000000000)
[PS2] IRQ1 received
[PS2] scancode=0x0000000000000097
[PS2] IRQ1 received
[PS2] scancode=0x000000000000001E
[PS2] ascii='a'
[Console] queued 'a'
[Console] waking blocked reader
[SCHED] Switching from thread 0x0000000000000000 (is_user=0x0000000000000000) to thread 0x0000000000000001 (is_user=0x0000000000000001)
[Syscall] read returned 0x0000000000000001 byte(s)
[SYSCALL] num=0x000000000000012F arg1=0x0000000000000000 arg2=0x00006FFFFFFFF7CE arg3=0x0000000000000001
a[SYSCALL] num=0x000000000000012E arg1=0x0000000000000000 arg2=0x00006FFFFFFFF957 arg3=0x0000000000000001
[SCHED] Switching from thread 0x0000000000000001 (is_user=0x0000000000000001) to thread 0x0000000000000000 (is_user=0x0000000000000000)
[PS2] IRQ1 received
[PS2] scancode=0x000000000000009E
[PS2] IRQ1 received
[PS2] scancode=0x000000000000001F
[PS2] ascii='s'
[Console] queued 's'
[Console] waking blocked reader
[SCHED] Switching from thread 0x0000000000000000 (is_user=0x0000000000000000) to thread 0x0000000000000001 (is_user=0x0000000000000001)
[Syscall] read returned 0x0000000000000001 byte(s)
[SYSCALL] num=0x000000000000012F arg1=0x0000000000000000 arg2=0x00006FFFFFFFF7CE arg3=0x0000000000000001
s[SYSCALL] num=0x000000000000012E arg1=0x0000000000000000 arg2=0x00006FFFFFFFF957 arg3=0x0000000000000001
[SCHED] Switching from thread 0x0000000000000001 (is_user=0x0000000000000001) to thread 0x0000000000000000 (is_user=0x0000000000000000)
[PS2] IRQ1 received
[PS2] scancode=0x000000000000009F
[PS2] IRQ1 received
[PS2] scancode=0x000000000000001C
[PS2] ascii='
'
[Console] queued '
'
[Console] waking blocked reader
[SCHED] Switching from thread 0x0000000000000000 (is_user=0x0000000000000000) to thread 0x0000000000000001 (is_user=0x0000000000000001)
[Syscall] read returned 0x0000000000000001 byte(s)
[SYSCALL] num=0x000000000000012F arg1=0x0000000000000000 arg2=0x000000000040B5C5 arg3=0x0000000000000001

[SYSCALL] num=0x000000000000012F arg1=0x0000000000000001 arg2=0x000000000040B5BA arg3=0x0000000000000006
alias [SYSCALL] num=0x000000000000012F arg1=0x0000000000000001 arg2=0x0000000000437000 arg3=0x0000000000000001
l[SYSCALL] num=0x000000000000012F arg1=0x0000000000000001 arg2=0x000000000040B5C1 arg3=0x0000000000000002
='[SYSCALL] num=0x000000000000012F arg1=0x0000000000000001 arg2=0x0000000000437080 arg3=0x0000000000000002
ls[SYSCALL] num=0x000000000000012F arg1=0x0000000000000001 arg2=0x000000000040B5C4 arg3=0x0000000000000002
'
[SYSCALL] num=0x000000000000012D arg1=0x0000000000000000 arg2=0x0000000000000000 arg3=0x0000000000000000
[SYSCALL] num=0x000000000000012C arg1=0x000000000040B002 arg2=0x0000000000000000 arg3=0x0000000000000000
  VFS: open called for /dev/console
  VFS: relative_path: console
  DevFS: open path='console'
  DevFS: path hex: 0x0000000000000063 0x000000000000006F 0x000000000000006E 0x0000000000000073 0x000000000000006F 0x000000000000006C 0x0000000000000065
  DevFS: matched console!
  Heap: kmalloc size=0x0000000000000010 pages=0x0000000000000001 ptr=0x0000000000038010
  VFS: register_file fd=0x0000000000000000
[SYSCALL] num=0x000000000000012D arg1=0x0000000000000001 arg2=0x0000000000000000 arg3=0x0000000000000000
[SYSCALL] num=0x000000000000012C arg1=0x000000000040B002 arg2=0x0000000000000000 arg3=0x0000000000000000
  VFS: open called for /dev/console
  VFS: relative_path: console
  DevFS: open path='console'
  DevFS: path hex: 0x0000000000000063 0x000000000000006F 0x000000000000006E 0x0000000000000073 0x000000000000006F 0x000000000000006C 0x0000000000000065
  DevFS: matched console!
  Heap: kmalloc size=0x0000000000000010 pages=0x0000000000000001 ptr=0x0000000000039010
  VFS: register_file fd=0x0000000000000001
[SYSCALL] num=0x000000000000012F arg1=0x0000000000000000 arg2=0x00006FFFFFFFF9A8 arg3=0x000000000000000F
[acos@acos /]$ [SYSCALL] num=0x000000000000012E arg1=0x0000000000000000 arg2=0x00006FFFFFFFF957 arg3=0x0000000000000001
[SCHED] Switching from thread 0x0000000000000001 (is_user=0x0000000000000001) to thread 0x0000000000000000 (is_user=0x0000000000000000)
[PS2] IRQ1 received
[PS2] scancode=0x000000000000009C
[PS2] IRQ1 received
[PS2] scancode=0x0000000000000026
[PS2] ascii='l'
[Console] queued 'l'
[Console] waking blocked reader
[SCHED] Switching from thread 0x0000000000000000 (is_user=0x0000000000000000) to thread 0x0000000000000001 (is_user=0x0000000000000001)
[Syscall] read returned 0x0000000000000001 byte(s)
[SYSCALL] num=0x000000000000012F arg1=0x0000000000000000 arg2=0x00006FFFFFFFF7CE arg3=0x0000000000000001
l[SYSCALL] num=0x000000000000012E arg1=0x0000000000000000 arg2=0x00006FFFFFFFF957 arg3=0x0000000000000001
[SCHED] Switching from thread 0x0000000000000001 (is_user=0x0000000000000001) to thread 0x0000000000000000 (is_user=0x0000000000000000)
[PS2] IRQ1 received
[PS2] scancode=0x00000000000000A6
[PS2] IRQ1 received
[PS2] scancode=0x000000000000001C
[PS2] ascii='
'
[Console] queued '
'
[Console] waking blocked reader
[SCHED] Switching from thread 0x0000000000000000 (is_user=0x0000000000000000) to thread 0x0000000000000001 (is_user=0x0000000000000001)
[Syscall] read returned 0x0000000000000001 byte(s)
[SYSCALL] num=0x000000000000012F arg1=0x0000000000000000 arg2=0x000000000040B5C5 arg3=0x0000000000000001

[SYSCALL] num=0x0000000000000131 arg1=0x00006FFFFFFFF158 arg2=0x0000000000442810 arg3=0x0000000000000040
[SYSCALL] num=0x000000000000012F arg1=0x0000000000000001 arg2=0x000000000040B383 arg3=0x0000000000000007
[1;34m[SYSCALL] num=0x000000000000012F arg1=0x0000000000000001 arg2=0x0000000000442810 arg3=0x0000000000000003
EFI[SYSCALL] num=0x000000000000012F arg1=0x0000000000000001 arg2=0x000000000040B38B arg3=0x0000000000000007
/[0m  [SYSCALL] num=0x000000000000012F arg1=0x0000000000000001 arg2=0x0000000000442920 arg3=0x0000000000000000
[SYSCALL] num=0x000000000000012F arg1=0x0000000000000001 arg2=0x000000000040B530 arg3=0x0000000000000002
  [SYSCALL] num=0x000000000000012F arg1=0x0000000000000001 arg2=0x0000000000442A30 arg3=0x0000000000000003
([SYSCALL] num=0x000000000000012F arg1=0x0000000000000001 arg2=0x000000000040B530 arg3=0x0000000000000002
  [SYSCALL] num=0x000000000000012F arg1=0x0000000000000001 arg2=0x0000000000442B40 arg3=0x0000000000000001
[SYSCALL] num=0x000000000000012F arg1=0x0000000000000001 arg2=0x000000000040B530 arg3=0x0000000000000002
  [SYSCALL] num=0x000000000000012F arg1=0x0000000000000001 arg2=0x000000000040B5C5 arg3=0x0000000000000001

[SYSCALL] num=0x000000000000012D arg1=0x0000000000000000 arg2=0x0000000000000000 arg3=0x0000000000000000
[SYSCALL] num=0x000000000000012C arg1=0x000000000040B002 arg2=0x0000000000000000 arg3=0x0000000000000000
  VFS: open called for /dev/console
  VFS: relative_path: console
  DevFS: open path='console'
  DevFS: path hex: 0x0000000000000063 0x000000000000006F 0x000000000000006E 0x0000000000000073 0x000000000000006F 0x000000000000006C 0x0000000000000065
  DevFS: matched console!
  Heap: kmalloc size=0x0000000000000010 pages=0x0000000000000001 ptr=0x000000000003A010
  VFS: register_file fd=0x0000000000000000
[SYSCALL] num=0x000000000000012D arg1=0x0000000000000001 arg2=0x0000000000000000 arg3=0x0000000000000000
[SYSCALL] num=0x000000000000012C arg1=0x000000000040B002 arg2=0x0000000000000000 arg3=0x0000000000000000
  VFS: open called for /dev/console
  VFS: relative_path: console
  DevFS: open path='console'
  DevFS: path hex: 0x0000000000000063 0x000000000000006F 0x000000000000006E 0x0000000000000073 0x000000000000006F 0x000000000000006C 0x0000000000000065
  DevFS: matched console!
  Heap: kmalloc size=0x0000000000000010 pages=0x0000000000000001 ptr=0x000000000003B010
  VFS: register_file fd=0x0000000000000001
[PS2] IRQ1 received
[PS2] scancode=0x000000000000009C
[SYSCALL] num=0x000000000000012F arg1=0x0000000000000000 arg2=0x00006FFFFFFFF9A8 arg3=0x000000000000000F
[acos@acos /]$ [SYSCALL] num=0x000000000000012E arg1=0x0000000000000000 arg2=0x00006FFFFFFFF957 arg3=0x0000000000000001
[SCHED] Switching from thread 0x0000000000000001 (is_user=0x0000000000000001) to thread 0x0000000000000000 (is_user=0x0000000000000000)
[PS2] IRQ1 received
[PS2] scancode=0x0000000000000012
[PS2] ascii='e'
[Console] queued 'e'
[Console] waking blocked reader
[SCHED] Switching from thread 0x0000000000000000 (is_user=0x0000000000000000) to thread 0x0000000000000001 (is_user=0x0000000000000001)
[Syscall] read returned 0x0000000000000001 byte(s)
[SYSCALL] num=0x000000000000012F arg1=0x0000000000000000 arg2=0x00006FFFFFFFF7CE arg3=0x0000000000000001
e[SYSCALL] num=0x000000000000012E arg1=0x0000000000000000 arg2=0x00006FFFFFFFF957 arg3=0x0000000000000001
[SCHED] Switching from thread 0x0000000000000001 (is_user=0x0000000000000001) to thread 0x0000000000000000 (is_user=0x0000000000000000)
[PS2] IRQ1 received
[PS2] scancode=0x0000000000000092
[PS2] IRQ1 received
[PS2] scancode=0x000000000000002E
[PS2] ascii='c'
[Console] queued 'c'
[Console] waking blocked reader
[SCHED] Switching from thread 0x0000000000000000 (is_user=0x0000000000000000) to thread 0x0000000000000001 (is_user=0x0000000000000001)
[Syscall] read returned 0x0000000000000001 byte(s)
[SYSCALL] num=0x000000000000012F arg1=0x0000000000000000 arg2=0x00006FFFFFFFF7CE arg3=0x0000000000000001
c[SYSCALL] num=0x000000000000012E arg1=0x0000000000000000 arg2=0x00006FFFFFFFF957 arg3=0x0000000000000001
[SCHED] Switching from thread 0x0000000000000001 (is_user=0x0000000000000001) to thread 0x0000000000000000 (is_user=0x0000000000000000)
[PS2] IRQ1 received
[PS2] scancode=0x00000000000000AE
[PS2] IRQ1 received
[PS2] scancode=0x0000000000000023
[PS2] ascii='h'
[Console] queued 'h'
[Console] waking blocked reader
[SCHED] Switching from thread 0x0000000000000000 (is_user=0x0000000000000000) to thread 0x0000000000000001 (is_user=0x0000000000000001)
[Syscall] read returned 0x0000000000000001 byte(s)
[SYSCALL] num=0x000000000000012F arg1=0x0000000000000000 arg2=0x00006FFFFFFFF7CE arg3=0x0000000000000001
h[SYSCALL] num=0x000000000000012E arg1=0x0000000000000000 arg2=0x00006FFFFFFFF957 arg3=0x0000000000000001
[SCHED] Switching from thread 0x0000000000000001 (is_user=0x0000000000000001) to thread 0x0000000000000000 (is_user=0x0000000000000000)
[PS2] IRQ1 received
[PS2] scancode=0x00000000000000A3
[PS2] IRQ1 received
[PS2] scancode=0x0000000000000018
[PS2] ascii='o'
[Console] queued 'o'
[Console] waking blocked reader
[SCHED] Switching from thread 0x0000000000000000 (is_user=0x0000000000000000) to thread 0x0000000000000001 (is_user=0x0000000000000001)
[Syscall] read returned 0x0000000000000001 byte(s)
[SYSCALL] num=0x000000000000012F arg1=0x0000000000000000 arg2=0x00006FFFFFFFF7CE arg3=0x0000000000000001
o[SYSCALL] num=0x000000000000012E arg1=0x0000000000000000 arg2=0x00006FFFFFFFF957 arg3=0x0000000000000001
[SCHED] Switching from thread 0x0000000000000001 (is_user=0x0000000000000001) to thread 0x0000000000000000 (is_user=0x0000000000000000)
[PS2] IRQ1 received
[PS2] scancode=0x0000000000000098
[PS2] IRQ1 received
[PS2] scancode=0x0000000000000039
[PS2] ascii=' '
[Console] queued ' '
[Console] waking blocked reader
[SCHED] Switching from thread 0x0000000000000000 (is_user=0x0000000000000000) to thread 0x0000000000000001 (is_user=0x0000000000000001)
[Syscall] read returned 0x0000000000000001 byte(s)
[SYSCALL] num=0x000000000000012F arg1=0x0000000000000000 arg2=0x00006FFFFFFFF7CE arg3=0x0000000000000001
 [SYSCALL] num=0x000000000000012E arg1=0x0000000000000000 arg2=0x00006FFFFFFFF957 arg3=0x0000000000000001
[SCHED] Switching from thread 0x0000000000000001 (is_user=0x0000000000000001) to thread 0x0000000000000000 (is_user=0x0000000000000000)
[PS2] IRQ1 received
[PS2] scancode=0x00000000000000B9
[PS2] IRQ1 received
[PS2] scancode=0x000000000000002A
[PS2] IRQ1 received
[PS2] scancode=0x0000000000000023
[PS2] ascii='H'
[Console] queued 'H'
[Console] waking blocked reader
[SCHED] Switching from thread 0x0000000000000000 (is_user=0x0000000000000000) to thread 0x0000000000000001 (is_user=0x0000000000000001)
[Syscall] read returned 0x0000000000000001 byte(s)
[SYSCALL] num=0x000000000000012F arg1=0x0000000000000000 arg2=0x00006FFFFFFFF7CE arg3=0x0000000000000001
H[SYSCALL] num=0x000000000000012E arg1=0x0000000000000000 arg2=0x00006FFFFFFFF957 arg3=0x0000000000000001
[SCHED] Switching from thread 0x0000000000000001 (is_user=0x0000000000000001) to thread 0x0000000000000000 (is_user=0x0000000000000000)
[PS2] IRQ1 received
[PS2] scancode=0x00000000000000A3
[PS2] IRQ1 received
[PS2] scancode=0x00000000000000AA
[PS2] IRQ1 received
[PS2] scancode=0x0000000000000012
[PS2] ascii='e'
[Console] queued 'e'
[Console] waking blocked reader
[SCHED] Switching from thread 0x0000000000000000 (is_user=0x0000000000000000) to thread 0x0000000000000001 (is_user=0x0000000000000001)
[Syscall] read returned 0x0000000000000001 byte(s)
[SYSCALL] num=0x000000000000012F arg1=0x0000000000000000 arg2=0x00006FFFFFFFF7CE arg3=0x0000000000000001
e[SYSCALL] num=0x000000000000012E arg1=0x0000000000000000 arg2=0x00006FFFFFFFF957 arg3=0x0000000000000001
[SCHED] Switching from thread 0x0000000000000001 (is_user=0x0000000000000001) to thread 0x0000000000000000 (is_user=0x0000000000000000)
[PS2] IRQ1 received
[PS2] scancode=0x0000000000000092
[PS2] IRQ1 received
[PS2] scancode=0x0000000000000026
[PS2] ascii='l'
[Console] queued 'l'
[Console] waking blocked reader
[SCHED] Switching from thread 0x0000000000000000 (is_user=0x0000000000000000) to thread 0x0000000000000001 (is_user=0x0000000000000001)
[Syscall] read returned 0x0000000000000001 byte(s)
[SYSCALL] num=0x000000000000012F arg1=0x0000000000000000 arg2=0x00006FFFFFFFF7CE arg3=0x0000000000000001
l[SYSCALL] num=0x000000000000012E arg1=0x0000000000000000 arg2=0x00006FFFFFFFF957 arg3=0x0000000000000001
[SCHED] Switching from thread 0x0000000000000001 (is_user=0x0000000000000001) to thread 0x0000000000000000 (is_user=0x0000000000000000)
[PS2] IRQ1 received
[PS2] scancode=0x00000000000000A6
[PS2] IRQ1 received
[PS2] scancode=0x0000000000000026
[PS2] ascii='l'
[Console] queued 'l'
[Console] waking blocked reader
[SCHED] Switching from thread 0x0000000000000000 (is_user=0x0000000000000000) to thread 0x0000000000000001 (is_user=0x0000000000000001)
[Syscall] read returned 0x0000000000000001 byte(s)
[SYSCALL] num=0x000000000000012F arg1=0x0000000000000000 arg2=0x00006FFFFFFFF7CE arg3=0x0000000000000001
l[SYSCALL] num=0x000000000000012E arg1=0x0000000000000000 arg2=0x00006FFFFFFFF957 arg3=0x0000000000000001
[SCHED] Switching from thread 0x0000000000000001 (is_user=0x0000000000000001) to thread 0x0000000000000000 (is_user=0x0000000000000000)
[PS2] IRQ1 received
[PS2] scancode=0x00000000000000A6
[PS2] IRQ1 received
[PS2] scancode=0x0000000000000018
[PS2] ascii='o'
[Console] queued 'o'
[Console] waking blocked reader
[SCHED] Switching from thread 0x0000000000000000 (is_user=0x0000000000000000) to thread 0x0000000000000001 (is_user=0x0000000000000001)
[Syscall] read returned 0x0000000000000001 byte(s)
[SYSCALL] num=0x000000000000012F arg1=0x0000000000000000 arg2=0x00006FFFFFFFF7CE arg3=0x0000000000000001
o[SYSCALL] num=0x000000000000012E arg1=0x0000000000000000 arg2=0x00006FFFFFFFF957 arg3=0x0000000000000001
[SCHED] Switching from thread 0x0000000000000001 (is_user=0x0000000000000001) to thread 0x0000000000000000 (is_user=0x0000000000000000)
[PS2] IRQ1 received
[PS2] scancode=0x0000000000000098
[PS2] IRQ1 received
[PS2] scancode=0x0000000000000039
[PS2] ascii=' '
[Console] queued ' '
[Console] waking blocked reader
[SCHED] Switching from thread 0x0000000000000000 (is_user=0x0000000000000000) to thread 0x0000000000000001 (is_user=0x0000000000000001)
[Syscall] read returned 0x0000000000000001 byte(s)
[SYSCALL] num=0x000000000000012F arg1=0x0000000000000000 arg2=0x00006FFFFFFFF7CE arg3=0x0000000000000001
 [SYSCALL] num=0x000000000000012E arg1=0x0000000000000000 arg2=0x00006FFFFFFFF957 arg3=0x0000000000000001
[SCHED] Switching from thread 0x0000000000000001 (is_user=0x0000000000000001) to thread 0x0000000000000000 (is_user=0x0000000000000000)
[PS2] IRQ1 received
[PS2] scancode=0x00000000000000B9
[PS2] IRQ1 received
[PS2] scancode=0x000000000000002A
[PS2] IRQ1 received
[PS2] scancode=0x000000000000001E
[PS2] ascii='A'
[Console] queued 'A'
[Console] waking blocked reader
[SCHED] Switching from thread 0x0000000000000000 (is_user=0x0000000000000000) to thread 0x0000000000000001 (is_user=0x0000000000000001)
[Syscall] read returned 0x0000000000000001 byte(s)
[SYSCALL] num=0x000000000000012F arg1=0x0000000000000000 arg2=0x00006FFFFFFFF7CE arg3=0x0000000000000001
A[SYSCALL] num=0x000000000000012E arg1=0x0000000000000000 arg2=0x00006FFFFFFFF957 arg3=0x0000000000000001
[SCHED] Switching from thread 0x0000000000000001 (is_user=0x0000000000000001) to thread 0x0000000000000000 (is_user=0x0000000000000000)
[PS2] IRQ1 received
[PS2] scancode=0x000000000000009E
[PS2] IRQ1 received
[PS2] scancode=0x00000000000000AA
[PS2] IRQ1 received
[PS2] scancode=0x000000000000001F
[PS2] ascii='s'
[Console] queued 's'
[Console] waking blocked reader
[SCHED] Switching from thread 0x0000000000000000 (is_user=0x0000000000000000) to thread 0x0000000000000001 (is_user=0x0000000000000001)
[Syscall] read returned 0x0000000000000001 byte(s)
[SYSCALL] num=0x000000000000012F arg1=0x0000000000000000 arg2=0x00006FFFFFFFF7CE arg3=0x0000000000000001
s[SYSCALL] num=0x000000000000012E arg1=0x0000000000000000 arg2=0x00006FFFFFFFF957 arg3=0x0000000000000001
[SCHED] Switching from thread 0x0000000000000001 (is_user=0x0000000000000001) to thread 0x0000000000000000 (is_user=0x0000000000000000)
[PS2] IRQ1 received
[PS2] scancode=0x000000000000009F
[PS2] IRQ1 received
[PS2] scancode=0x000000000000001E
[PS2] ascii='a'
[Console] queued 'a'
[Console] waking blocked reader
[SCHED] Switching from thread 0x0000000000000000 (is_user=0x0000000000000000) to thread 0x0000000000000001 (is_user=0x0000000000000001)
[Syscall] read returned 0x0000000000000001 byte(s)
[SYSCALL] num=0x000000000000012F arg1=0x0000000000000000 arg2=0x00006FFFFFFFF7CE arg3=0x0000000000000001
a[SYSCALL] num=0x000000000000012E arg1=0x0000000000000000 arg2=0x00006FFFFFFFF957 arg3=0x0000000000000001
[SCHED] Switching from thread 0x0000000000000001 (is_user=0x0000000000000001) to thread 0x0000000000000000 (is_user=0x0000000000000000)
[PS2] IRQ1 received
[PS2] scancode=0x000000000000009E
[PS2] IRQ1 received
[PS2] scancode=0x0000000000000020
[PS2] ascii='d'
[Console] queued 'd'
[Console] waking blocked reader
[SCHED] Switching from thread 0x0000000000000000 (is_user=0x0000000000000000) to thread 0x0000000000000001 (is_user=0x0000000000000001)
[Syscall] read returned 0x0000000000000001 byte(s)
[SYSCALL] num=0x000000000000012F arg1=0x0000000000000000 arg2=0x00006FFFFFFFF7CE arg3=0x0000000000000001
d[SYSCALL] num=0x000000000000012E arg1=0x0000000000000000 arg2=0x00006FFFFFFFF957 arg3=0x0000000000000001
[SCHED] Switching from thread 0x0000000000000001 (is_user=0x0000000000000001) to thread 0x0000000000000000 (is_user=0x0000000000000000)
[PS2] IRQ1 received
[PS2] scancode=0x00000000000000A0
[PS2] IRQ1 received
[PS2] scancode=0x0000000000000012
[PS2] ascii='e'
[Console] queued 'e'
[Console] waking blocked reader
[SCHED] Switching from thread 0x0000000000000000 (is_user=0x0000000000000000) to thread 0x0000000000000001 (is_user=0x0000000000000001)
[Syscall] read returned 0x0000000000000001 byte(s)
[SYSCALL] num=0x000000000000012F arg1=0x0000000000000000 arg2=0x00006FFFFFFFF7CE arg3=0x0000000000000001
e[SYSCALL] num=0x000000000000012E arg1=0x0000000000000000 arg2=0x00006FFFFFFFF957 arg3=0x0000000000000001
[SCHED] Switching from thread 0x0000000000000001 (is_user=0x0000000000000001) to thread 0x0000000000000000 (is_user=0x0000000000000000)
[PS2] IRQ1 received
[PS2] scancode=0x0000000000000092
[PS2] IRQ1 received
[PS2] scancode=0x0000000000000039
[PS2] ascii=' '
[Console] queued ' '
[Console] waking blocked reader
[SCHED] Switching from thread 0x0000000000000000 (is_user=0x0000000000000000) to thread 0x0000000000000001 (is_user=0x0000000000000001)
[Syscall] read returned 0x0000000000000001 byte(s)
[SYSCALL] num=0x000000000000012F arg1=0x0000000000000000 arg2=0x00006FFFFFFFF7CE arg3=0x0000000000000001
 [SYSCALL] num=0x000000000000012E arg1=0x0000000000000000 arg2=0x00006FFFFFFFF957 arg3=0x0000000000000001
[SCHED] Switching from thread 0x0000000000000001 (is_user=0x0000000000000001) to thread 0x0000000000000000 (is_user=0x0000000000000000)
[PS2] IRQ1 received
[PS2] scancode=0x00000000000000B9
[PS2] IRQ1 received
[PS2] scancode=0x000000000000002A
[PS2] IRQ1 received
[PS2] scancode=0x000000000000001F
[PS2] ascii='S'
[Console] queued 'S'
[Console] waking blocked reader
[SCHED] Switching from thread 0x0000000000000000 (is_user=0x0000000000000000) to thread 0x0000000000000001 (is_user=0x0000000000000001)
[Syscall] read returned 0x0000000000000001 byte(s)
[SYSCALL] num=0x000000000000012F arg1=0x0000000000000000 arg2=0x00006FFFFFFFF7CE arg3=0x0000000000000001
S[SYSCALL] num=0x000000000000012E arg1=0x0000000000000000 arg2=0x00006FFFFFFFF957 arg3=0x0000000000000001
[SCHED] Switching from thread 0x0000000000000001 (is_user=0x0000000000000001) to thread 0x0000000000000000 (is_user=0x0000000000000000)
[PS2] IRQ1 received
[PS2] scancode=0x000000000000009F
[PS2] IRQ1 received
[PS2] scancode=0x00000000000000AA
[PS2] IRQ1 received
[PS2] scancode=0x0000000000000023
[PS2] ascii='h'
[Console] queued 'h'
[Console] waking blocked reader
[SCHED] Switching from thread 0x0000000000000000 (is_user=0x0000000000000000) to thread 0x0000000000000001 (is_user=0x0000000000000001)
[Syscall] read returned 0x0000000000000001 byte(s)
[SYSCALL] num=0x000000000000012F arg1=0x0000000000000000 arg2=0x00006FFFFFFFF7CE arg3=0x0000000000000001
h[SYSCALL] num=0x000000000000012E arg1=0x0000000000000000 arg2=0x00006FFFFFFFF957 arg3=0x0000000000000001
[SCHED] Switching from thread 0x0000000000000001 (is_user=0x0000000000000001) to thread 0x0000000000000000 (is_user=0x0000000000000000)
[PS2] IRQ1 received
[PS2] scancode=0x00000000000000A3
[PS2] IRQ1 received
[PS2] scancode=0x0000000000000012
[PS2] ascii='e'
[Console] queued 'e'
[Console] waking blocked reader
[SCHED] Switching from thread 0x0000000000000000 (is_user=0x0000000000000000) to thread 0x0000000000000001 (is_user=0x0000000000000001)
[Syscall] read returned 0x0000000000000001 byte(s)
[SYSCALL] num=0x000000000000012F arg1=0x0000000000000000 arg2=0x00006FFFFFFFF7CE arg3=0x0000000000000001
e[SYSCALL] num=0x000000000000012E arg1=0x0000000000000000 arg2=0x00006FFFFFFFF957 arg3=0x0000000000000001
[SCHED] Switching from thread 0x0000000000000001 (is_user=0x0000000000000001) to thread 0x0000000000000000 (is_user=0x0000000000000000)
[PS2] IRQ1 received
[PS2] scancode=0x0000000000000092
[PS2] IRQ1 received
[PS2] scancode=0x0000000000000026
[PS2] ascii='l'
[Console] queued 'l'
[Console] waking blocked reader
[SCHED] Switching from thread 0x0000000000000000 (is_user=0x0000000000000000) to thread 0x0000000000000001 (is_user=0x0000000000000001)
[Syscall] read returned 0x0000000000000001 byte(s)
[SYSCALL] num=0x000000000000012F arg1=0x0000000000000000 arg2=0x00006FFFFFFFF7CE arg3=0x0000000000000001
l[SYSCALL] num=0x000000000000012E arg1=0x0000000000000000 arg2=0x00006FFFFFFFF957 arg3=0x0000000000000001
[SCHED] Switching from thread 0x0000000000000001 (is_user=0x0000000000000001) to thread 0x0000000000000000 (is_user=0x0000000000000000)
[PS2] IRQ1 received
[PS2] scancode=0x00000000000000A6
[PS2] IRQ1 received
[PS2] scancode=0x0000000000000026
[PS2] ascii='l'
[Console] queued 'l'
[Console] waking blocked reader
[SCHED] Switching from thread 0x0000000000000000 (is_user=0x0000000000000000) to thread 0x0000000000000001 (is_user=0x0000000000000001)
[Syscall] read returned 0x0000000000000001 byte(s)
[SYSCALL] num=0x000000000000012F arg1=0x0000000000000000 arg2=0x00006FFFFFFFF7CE arg3=0x0000000000000001
l[SYSCALL] num=0x000000000000012E arg1=0x0000000000000000 arg2=0x00006FFFFFFFF957 arg3=0x0000000000000001
[SCHED] Switching from thread 0x0000000000000001 (is_user=0x0000000000000001) to thread 0x0000000000000000 (is_user=0x0000000000000000)
[PS2] IRQ1 received
[PS2] scancode=0x00000000000000A6
[PS2] IRQ1 received
[PS2] scancode=0x000000000000001C
[PS2] ascii='
'
[Console] queued '
'
[Console] waking blocked reader
[SCHED] Switching from thread 0x0000000000000000 (is_user=0x0000000000000000) to thread 0x0000000000000001 (is_user=0x0000000000000001)
[Syscall] read returned 0x0000000000000001 byte(s)
[SYSCALL] num=0x000000000000012F arg1=0x0000000000000000 arg2=0x000000000040B5C5 arg3=0x0000000000000001

[SYSCALL] num=0x000000000000012F arg1=0x0000000000000001 arg2=0x0000000000464550 arg3=0x0000000000000005
Hello[SYSCALL] num=0x000000000000012F arg1=0x0000000000000001 arg2=0x000000000040B531 arg3=0x0000000000000001
 [SYSCALL] num=0x000000000000012F arg1=0x0000000000000001 arg2=0x0000000000464558 arg3=0x0000000000000005
Asade[SYSCALL] num=0x000000000000012F arg1=0x0000000000000001 arg2=0x000000000040B531 arg3=0x0000000000000001
 [SYSCALL] num=0x000000000000012F arg1=0x0000000000000001 arg2=0x0000000000464560 arg3=0x0000000000000005
Shell[SYSCALL] num=0x000000000000012F arg1=0x0000000000000001 arg2=0x000000000040B5C5 arg3=0x0000000000000001

[SYSCALL] num=0x000000000000012D arg1=0x0000000000000000 arg2=0x0000000000000000 arg3=0x0000000000000000
[SYSCALL] num=0x000000000000012C arg1=0x000000000040B002 arg2=0x0000000000000000 arg3=0x0000000000000000
  VFS: open called for /dev/console
  VFS: relative_path: console
  DevFS: open path='console'
  DevFS: path hex: 0x0000000000000063 0x000000000000006F 0x000000000000006E 0x0000000000000073 0x000000000000006F 0x000000000000006C 0x0000000000000065
  DevFS: matched console!
  Heap: kmalloc size=0x0000000000000010 pages=0x0000000000000001 ptr=0x000000000003C010
  VFS: register_file fd=0x0000000000000000
[SYSCALL] num=0x000000000000012D arg1=0x0000000000000001 arg2=0x0000000000000000 arg3=0x0000000000000000
[SYSCALL] num=0x000000000000012C arg1=0x000000000040B002 arg2=0x0000000000000000 arg3=0x0000000000000000
  VFS: open called for /dev/console
  VFS: relative_path: console
  DevFS: open path='console'
  DevFS: path hex: 0x0000000000000063 0x000000000000006F 0x000000000000006E 0x0000000000000073 0x000000000000006F 0x000000000000006C 0x0000000000000065
  DevFS: matched console!
  Heap: kmalloc size=0x0000000000000010 pages=0x0000000000000001 ptr=0x000000000003D010
  VFS: register_file fd=0x0000000000000001
[SYSCALL] num=0x000000000000012F arg1=0x0000000000000000 arg2=0x00006FFFFFFFF9A8 arg3=0x000000000000000F
[acos@acos /]$ [SYSCALL] num=0x000000000000012E arg1=0x0000000000000000 arg2=0x00006FFFFFFFF957 arg3=0x0000000000000001
[SCHED] Switching from thread 0x0000000000000001 (is_user=0x0000000000000001) to thread 0x0000000000000000 (is_user=0x0000000000000000)
[PS2] IRQ1 received
[PS2] scancode=0x000000000000009C
[PS2] IRQ1 received
[PS2] scancode=0x0000000000000012
[PS2] ascii='e'
[Console] queued 'e'
[Console] waking blocked reader
[SCHED] Switching from thread 0x0000000000000000 (is_user=0x0000000000000000) to thread 0x0000000000000001 (is_user=0x0000000000000001)
[Syscall] read returned 0x0000000000000001 byte(s)
[SYSCALL] num=0x000000000000012F arg1=0x0000000000000000 arg2=0x00006FFFFFFFF7CE arg3=0x0000000000000001
e[SYSCALL] num=0x000000000000012E arg1=0x0000000000000000 arg2=0x00006FFFFFFFF957 arg3=0x0000000000000001
[SCHED] Switching from thread 0x0000000000000001 (is_user=0x0000000000000001) to thread 0x0000000000000000 (is_user=0x0000000000000000)
[PS2] IRQ1 received
[PS2] scancode=0x0000000000000092
[PS2] IRQ1 received
[PS2] scancode=0x000000000000002E
[PS2] ascii='c'
[Console] queued 'c'
[Console] waking blocked reader
[SCHED] Switching from thread 0x0000000000000000 (is_user=0x0000000000000000) to thread 0x0000000000000001 (is_user=0x0000000000000001)
[Syscall] read returned 0x0000000000000001 byte(s)
[SYSCALL] num=0x000000000000012F arg1=0x0000000000000000 arg2=0x00006FFFFFFFF7CE arg3=0x0000000000000001
c[SYSCALL] num=0x000000000000012E arg1=0x0000000000000000 arg2=0x00006FFFFFFFF957 arg3=0x0000000000000001
[SCHED] Switching from thread 0x0000000000000001 (is_user=0x0000000000000001) to thread 0x0000000000000000 (is_user=0x0000000000000000)
[PS2] IRQ1 received
[PS2] scancode=0x00000000000000AE
[PS2] IRQ1 received
[PS2] scancode=0x0000000000000023
[PS2] ascii='h'
[Console] queued 'h'
[Console] waking blocked reader
[SCHED] Switching from thread 0x0000000000000000 (is_user=0x0000000000000000) to thread 0x0000000000000001 (is_user=0x0000000000000001)
[Syscall] read returned 0x0000000000000001 byte(s)
[SYSCALL] num=0x000000000000012F arg1=0x0000000000000000 arg2=0x00006FFFFFFFF7CE arg3=0x0000000000000001
h[SYSCALL] num=0x000000000000012E arg1=0x0000000000000000 arg2=0x00006FFFFFFFF957 arg3=0x0000000000000001
[SCHED] Switching from thread 0x0000000000000001 (is_user=0x0000000000000001) to thread 0x0000000000000000 (is_user=0x0000000000000000)
[PS2] IRQ1 received
[PS2] scancode=0x00000000000000A3
[PS2] IRQ1 received
[PS2] scancode=0x0000000000000018
[PS2] ascii='o'
[Console] queued 'o'
[Console] waking blocked reader
[SCHED] Switching from thread 0x0000000000000000 (is_user=0x0000000000000000) to thread 0x0000000000000001 (is_user=0x0000000000000001)
[Syscall] read returned 0x0000000000000001 byte(s)
[SYSCALL] num=0x000000000000012F arg1=0x0000000000000000 arg2=0x00006FFFFFFFF7CE arg3=0x0000000000000001
o[SYSCALL] num=0x000000000000012E arg1=0x0000000000000000 arg2=0x00006FFFFFFFF957 arg3=0x0000000000000001
[SCHED] Switching from thread 0x0000000000000001 (is_user=0x0000000000000001) to thread 0x0000000000000000 (is_user=0x0000000000000000)
[PS2] IRQ1 received
[PS2] scancode=0x0000000000000098
[PS2] IRQ1 received
[PS2] scancode=0x0000000000000039
[PS2] ascii=' '
[Console] queued ' '
[Console] waking blocked reader
[SCHED] Switching from thread 0x0000000000000000 (is_user=0x0000000000000000) to thread 0x0000000000000001 (is_user=0x0000000000000001)
[Syscall] read returned 0x0000000000000001 byte(s)
[SYSCALL] num=0x000000000000012F arg1=0x0000000000000000 arg2=0x00006FFFFFFFF7CE arg3=0x0000000000000001
 [SYSCALL] num=0x000000000000012E arg1=0x0000000000000000 arg2=0x00006FFFFFFFF957 arg3=0x0000000000000001
[SCHED] Switching from thread 0x0000000000000001 (is_user=0x0000000000000001) to thread 0x0000000000000000 (is_user=0x0000000000000000)
[PS2] IRQ1 received
[PS2] scancode=0x00000000000000B9
[PS2] IRQ1 received
[PS2] scancode=0x000000000000002A
[PS2] IRQ1 received
[PS2] scancode=0x0000000000000005
[PS2] ascii='$'
[Console] queued '$'
[Console] waking blocked reader
[SCHED] Switching from thread 0x0000000000000000 (is_user=0x0000000000000000) to thread 0x0000000000000001 (is_user=0x0000000000000001)
[Syscall] read returned 0x0000000000000001 byte(s)
[SYSCALL] num=0x000000000000012F arg1=0x0000000000000000 arg2=0x00006FFFFFFFF7CE arg3=0x0000000000000001
$[SYSCALL] num=0x000000000000012E arg1=0x0000000000000000 arg2=0x00006FFFFFFFF957 arg3=0x0000000000000001
[SCHED] Switching from thread 0x0000000000000001 (is_user=0x0000000000000001) to thread 0x0000000000000000 (is_user=0x0000000000000000)
[PS2] IRQ1 received
[PS2] scancode=0x0000000000000085
[PS2] IRQ1 received
[PS2] scancode=0x00000000000000AA
[PS2] IRQ1 received
[PS2] scancode=0x000000000000002A
[PS2] IRQ1 received
[PS2] scancode=0x0000000000000016
[PS2] ascii='U'
[Console] queued 'U'
[Console] waking blocked reader
[SCHED] Switching from thread 0x0000000000000000 (is_user=0x0000000000000000) to thread 0x0000000000000001 (is_user=0x0000000000000001)
[Syscall] read returned 0x0000000000000001 byte(s)
[SYSCALL] num=0x000000000000012F arg1=0x0000000000000000 arg2=0x00006FFFFFFFF7CE arg3=0x0000000000000001
U[SYSCALL] num=0x000000000000012E arg1=0x0000000000000000 arg2=0x00006FFFFFFFF957 arg3=0x0000000000000001
[SCHED] Switching from thread 0x0000000000000001 (is_user=0x0000000000000001) to thread 0x0000000000000000 (is_user=0x0000000000000000)
[PS2] IRQ1 received
[PS2] scancode=0x0000000000000096
[PS2] IRQ1 received
[PS2] scancode=0x00000000000000AA
[PS2] IRQ1 received
[PS2] scancode=0x000000000000002A
[PS2] IRQ1 received
[PS2] scancode=0x000000000000001F
[PS2] ascii='S'
[Console] queued 'S'
[Console] waking blocked reader
[SCHED] Switching from thread 0x0000000000000000 (is_user=0x0000000000000000) to thread 0x0000000000000001 (is_user=0x0000000000000001)
[Syscall] read returned 0x0000000000000001 byte(s)
[SYSCALL] num=0x000000000000012F arg1=0x0000000000000000 arg2=0x00006FFFFFFFF7CE arg3=0x0000000000000001
S[SYSCALL] num=0x000000000000012E arg1=0x0000000000000000 arg2=0x00006FFFFFFFF957 arg3=0x0000000000000001
[SCHED] Switching from thread 0x0000000000000001 (is_user=0x0000000000000001) to thread 0x0000000000000000 (is_user=0x0000000000000000)
[PS2] IRQ1 received
[PS2] scancode=0x000000000000009F
[PS2] IRQ1 received
[PS2] scancode=0x00000000000000AA
[PS2] IRQ1 received
[PS2] scancode=0x000000000000002A
[PS2] IRQ1 received
[PS2] scancode=0x0000000000000012
[PS2] ascii='E'
[Console] queued 'E'
[Console] waking blocked reader
[SCHED] Switching from thread 0x0000000000000000 (is_user=0x0000000000000000) to thread 0x0000000000000001 (is_user=0x0000000000000001)
[Syscall] read returned 0x0000000000000001 byte(s)
[SYSCALL] num=0x000000000000012F arg1=0x0000000000000000 arg2=0x00006FFFFFFFF7CE arg3=0x0000000000000001
E[SYSCALL] num=0x000000000000012E arg1=0x0000000000000000 arg2=0x00006FFFFFFFF957 arg3=0x0000000000000001
[SCHED] Switching from thread 0x0000000000000001 (is_user=0x0000000000000001) to thread 0x0000000000000000 (is_user=0x0000000000000000)
[PS2] IRQ1 received
[PS2] scancode=0x0000000000000092
[PS2] IRQ1 received
[PS2] scancode=0x00000000000000AA
[PS2] IRQ1 received
[PS2] scancode=0x000000000000002A
[PS2] IRQ1 received
[PS2] scancode=0x0000000000000013
[PS2] ascii='R'
[Console] queued 'R'
[Console] waking blocked reader
[SCHED] Switching from thread 0x0000000000000000 (is_user=0x0000000000000000) to thread 0x0000000000000001 (is_user=0x0000000000000001)
[Syscall] read returned 0x0000000000000001 byte(s)
[SYSCALL] num=0x000000000000012F arg1=0x0000000000000000 arg2=0x00006FFFFFFFF7CE arg3=0x0000000000000001
R[SYSCALL] num=0x000000000000012E arg1=0x0000000000000000 arg2=0x00006FFFFFFFF957 arg3=0x0000000000000001
[SCHED] Switching from thread 0x0000000000000001 (is_user=0x0000000000000001) to thread 0x0000000000000000 (is_user=0x0000000000000000)
[PS2] IRQ1 received
[PS2] scancode=0x0000000000000093
[PS2] IRQ1 received
[PS2] scancode=0x00000000000000AA
[PS2] IRQ1 received
[PS2] scancode=0x000000000000001C
[PS2] ascii='
'
[Console] queued '
'
[Console] waking blocked reader
[SCHED] Switching from thread 0x0000000000000000 (is_user=0x0000000000000000) to thread 0x0000000000000001 (is_user=0x0000000000000001)
[Syscall] read returned 0x0000000000000001 byte(s)
[SYSCALL] num=0x000000000000012F arg1=0x0000000000000000 arg2=0x000000000040B5C5 arg3=0x0000000000000001

[SYSCALL] num=0x000000000000012F arg1=0x0000000000000001 arg2=0x0000000000464570 arg3=0x0000000000000004
acos[SYSCALL] num=0x000000000000012F arg1=0x0000000000000001 arg2=0x000000000040B5C5 arg3=0x0000000000000001

[SYSCALL] num=0x000000000000012D arg1=0x0000000000000000 arg2=0x0000000000000000 arg3=0x0000000000000000
[SYSCALL] num=0x000000000000012C arg1=0x000000000040B002 arg2=0x0000000000000000 arg3=0x0000000000000000
  VFS: open called for /dev/console
  VFS: relative_path: console
  DevFS: open path='console'
  DevFS: path hex: 0x0000000000000063 0x000000000000006F 0x000000000000006E 0x0000000000000073 0x000000000000006F 0x000000000000006C 0x0000000000000065
  DevFS: matched console!
  Heap: kmalloc size=0x0000000000000010 pages=0x0000000000000001 ptr=0x0000000000392010
  VFS: register_file fd=0x0000000000000000
[SYSCALL] num=0x000000000000012D arg1=0x0000000000000001 arg2=0x0000000000000000 arg3=0x0000000000000000
[SYSCALL] num=0x000000000000012C arg1=0x000000000040B002 arg2=0x0000000000000000 arg3=0x0000000000000000
  VFS: open called for /dev/console
  VFS: relative_path: console
  DevFS: open path='console'
  DevFS: path hex: 0x0000000000000063 0x000000000000006F 0x000000000000006E 0x0000000000000073 0x000000000000006F 0x000000000000006C 0x0000000000000065
  DevFS: matched console!
  Heap: kmalloc size=0x0000000000000010 pages=0x0000000000000001 ptr=0x0000000000393010
  VFS: register_file fd=0x0000000000000001
[SYSCALL] num=0x000000000000012F arg1=0x0000000000000000 arg2=0x00006FFFFFFFF9A8 arg3=0x000000000000000F
[acos@acos /]$ [SYSCALL] num=0x000000000000012E arg1=0x0000000000000000 arg2=0x00006FFFFFFFF957 arg3=0x0000000000000001
[SCHED] Switching from thread 0x0000000000000001 (is_user=0x0000000000000001) to thread 0x0000000000000000 (is_user=0x0000000000000000)
[PS2] IRQ1 received
[PS2] scancode=0x000000000000009C
[PS2] IRQ1 received
[PS2] scancode=0x0000000000000012
[PS2] ascii='e'
[Console] queued 'e'
[Console] waking blocked reader
[SCHED] Switching from thread 0x0000000000000000 (is_user=0x0000000000000000) to thread 0x0000000000000001 (is_user=0x0000000000000001)
[Syscall] read returned 0x0000000000000001 byte(s)
[SYSCALL] num=0x000000000000012F arg1=0x0000000000000000 arg2=0x00006FFFFFFFF7CE arg3=0x0000000000000001
e[SYSCALL] num=0x000000000000012E arg1=0x0000000000000000 arg2=0x00006FFFFFFFF957 arg3=0x0000000000000001
[SCHED] Switching from thread 0x0000000000000001 (is_user=0x0000000000000001) to thread 0x0000000000000000 (is_user=0x0000000000000000)
[PS2] IRQ1 received
[PS2] scancode=0x0000000000000092
[PS2] IRQ1 received
[PS2] scancode=0x000000000000002E
[PS2] ascii='c'
[Console] queued 'c'
[Console] waking blocked reader
[SCHED] Switching from thread 0x0000000000000000 (is_user=0x0000000000000000) to thread 0x0000000000000001 (is_user=0x0000000000000001)
[Syscall] read returned 0x0000000000000001 byte(s)
[SYSCALL] num=0x000000000000012F arg1=0x0000000000000000 arg2=0x00006FFFFFFFF7CE arg3=0x0000000000000001
c[SYSCALL] num=0x000000000000012E arg1=0x0000000000000000 arg2=0x00006FFFFFFFF957 arg3=0x0000000000000001
[SCHED] Switching from thread 0x0000000000000001 (is_user=0x0000000000000001) to thread 0x0000000000000000 (is_user=0x0000000000000000)
[PS2] IRQ1 received
[PS2] scancode=0x00000000000000AE
[PS2] IRQ1 received
[PS2] scancode=0x0000000000000023
[PS2] ascii='h'
[Console] queued 'h'
[Console] waking blocked reader
[SCHED] Switching from thread 0x0000000000000000 (is_user=0x0000000000000000) to thread 0x0000000000000001 (is_user=0x0000000000000001)
[Syscall] read returned 0x0000000000000001 byte(s)
[SYSCALL] num=0x000000000000012F arg1=0x0000000000000000 arg2=0x00006FFFFFFFF7CE arg3=0x0000000000000001
h[SYSCALL] num=0x000000000000012E arg1=0x0000000000000000 arg2=0x00006FFFFFFFF957 arg3=0x0000000000000001
[SCHED] Switching from thread 0x0000000000000001 (is_user=0x0000000000000001) to thread 0x0000000000000000 (is_user=0x0000000000000000)
[PS2] IRQ1 received
[PS2] scancode=0x00000000000000A3
[PS2] IRQ1 received
[PS2] scancode=0x0000000000000018
[PS2] ascii='o'
[Console] queued 'o'
[Console] waking blocked reader
[SCHED] Switching from thread 0x0000000000000000 (is_user=0x0000000000000000) to thread 0x0000000000000001 (is_user=0x0000000000000001)
[Syscall] read returned 0x0000000000000001 byte(s)
[SYSCALL] num=0x000000000000012F arg1=0x0000000000000000 arg2=0x00006FFFFFFFF7CE arg3=0x0000000000000001
o[SYSCALL] num=0x000000000000012E arg1=0x0000000000000000 arg2=0x00006FFFFFFFF957 arg3=0x0000000000000001
[SCHED] Switching from thread 0x0000000000000001 (is_user=0x0000000000000001) to thread 0x0000000000000000 (is_user=0x0000000000000000)
[PS2] IRQ1 received
[PS2] scancode=0x0000000000000098
[PS2] IRQ1 received
[PS2] scancode=0x0000000000000039
[PS2] ascii=' '
[Console] queued ' '
[Console] waking blocked reader
[SCHED] Switching from thread 0x0000000000000000 (is_user=0x0000000000000000) to thread 0x0000000000000001 (is_user=0x0000000000000001)
[Syscall] read returned 0x0000000000000001 byte(s)
[SYSCALL] num=0x000000000000012F arg1=0x0000000000000000 arg2=0x00006FFFFFFFF7CE arg3=0x0000000000000001
 [SYSCALL] num=0x000000000000012E arg1=0x0000000000000000 arg2=0x00006FFFFFFFF957 arg3=0x0000000000000001
[SCHED] Switching from thread 0x0000000000000001 (is_user=0x0000000000000001) to thread 0x0000000000000000 (is_user=0x0000000000000000)
[PS2] IRQ1 received
[PS2] scancode=0x00000000000000B9
[PS2] IRQ1 received
[PS2] scancode=0x000000000000002A
[PS2] IRQ1 received
[PS2] scancode=0x0000000000000028
[PS2] ascii='"'
[Console] queued '"'
[Console] waking blocked reader
[SCHED] Switching from thread 0x0000000000000000 (is_user=0x0000000000000000) to thread 0x0000000000000001 (is_user=0x0000000000000001)
[Syscall] read returned 0x0000000000000001 byte(s)
[SYSCALL] num=0x000000000000012F arg1=0x0000000000000000 arg2=0x00006FFFFFFFF7CE arg3=0x0000000000000001
"[SYSCALL] num=0x000000000000012E arg1=0x0000000000000000 arg2=0x00006FFFFFFFF957 arg3=0x0000000000000001
[SCHED] Switching from thread 0x0000000000000001 (is_user=0x0000000000000001) to thread 0x0000000000000000 (is_user=0x0000000000000000)
[PS2] IRQ1 received
[PS2] scancode=0x00000000000000A8
[PS2] IRQ1 received
[PS2] scancode=0x00000000000000AA
[PS2] IRQ1 received
[PS2] scancode=0x000000000000002A
[PS2] IRQ1 received
[PS2] scancode=0x0000000000000014
[PS2] ascii='T'
[Console] queued 'T'
[Console] waking blocked reader
[SCHED] Switching from thread 0x0000000000000000 (is_user=0x0000000000000000) to thread 0x0000000000000001 (is_user=0x0000000000000001)
[Syscall] read returned 0x0000000000000001 byte(s)
[SYSCALL] num=0x000000000000012F arg1=0x0000000000000000 arg2=0x00006FFFFFFFF7CE arg3=0x0000000000000001
T[SYSCALL] num=0x000000000000012E arg1=0x0000000000000000 arg2=0x00006FFFFFFFF957 arg3=0x0000000000000001
[SCHED] Switching from thread 0x0000000000000001 (is_user=0x0000000000000001) to thread 0x0000000000000000 (is_user=0x0000000000000000)
[PS2] IRQ1 received
[PS2] scancode=0x0000000000000094
[PS2] IRQ1 received
[PS2] scancode=0x00000000000000AA
[PS2] IRQ1 received
[PS2] scancode=0x0000000000000023
[PS2] ascii='h'
[Console] queued 'h'
[Console] waking blocked reader
[SCHED] Switching from thread 0x0000000000000000 (is_user=0x0000000000000000) to thread 0x0000000000000001 (is_user=0x0000000000000001)
[Syscall] read returned 0x0000000000000001 byte(s)
[SYSCALL] num=0x000000000000012F arg1=0x0000000000000000 arg2=0x00006FFFFFFFF7CE arg3=0x0000000000000001
h[SYSCALL] num=0x000000000000012E arg1=0x0000000000000000 arg2=0x00006FFFFFFFF957 arg3=0x0000000000000001
[SCHED] Switching from thread 0x0000000000000001 (is_user=0x0000000000000001) to thread 0x0000000000000000 (is_user=0x0000000000000000)
[PS2] IRQ1 received
[PS2] scancode=0x00000000000000A3
[PS2] IRQ1 received
[PS2] scancode=0x0000000000000017
[PS2] ascii='i'
[Console] queued 'i'
[Console] waking blocked reader
[SCHED] Switching from thread 0x0000000000000000 (is_user=0x0000000000000000) to thread 0x0000000000000001 (is_user=0x0000000000000001)
[Syscall] read returned 0x0000000000000001 byte(s)
[SYSCALL] num=0x000000000000012F arg1=0x0000000000000000 arg2=0x00006FFFFFFFF7CE arg3=0x0000000000000001
i[SYSCALL] num=0x000000000000012E arg1=0x0000000000000000 arg2=0x00006FFFFFFFF957 arg3=0x0000000000000001
[SCHED] Switching from thread 0x0000000000000001 (is_user=0x0000000000000001) to thread 0x0000000000000000 (is_user=0x0000000000000000)
[PS2] IRQ1 received
[PS2] scancode=0x0000000000000097
[PS2] IRQ1 received
[PS2] scancode=0x000000000000001F
[PS2] ascii='s'
[Console] queued 's'
[Console] waking blocked reader
[SCHED] Switching from thread 0x0000000000000000 (is_user=0x0000000000000000) to thread 0x0000000000000001 (is_user=0x0000000000000001)
[Syscall] read returned 0x0000000000000001 byte(s)
[SYSCALL] num=0x000000000000012F arg1=0x0000000000000000 arg2=0x00006FFFFFFFF7CE arg3=0x0000000000000001
s[SYSCALL] num=0x000000000000012E arg1=0x0000000000000000 arg2=0x00006FFFFFFFF957 arg3=0x0000000000000001
[SCHED] Switching from thread 0x0000000000000001 (is_user=0x0000000000000001) to thread 0x0000000000000000 (is_user=0x0000000000000000)
[PS2] IRQ1 received
[PS2] scancode=0x000000000000009F
[PS2] IRQ1 received
[PS2] scancode=0x0000000000000039
[PS2] ascii=' '
[Console] queued ' '
[Console] waking blocked reader
[SCHED] Switching from thread 0x0000000000000000 (is_user=0x0000000000000000) to thread 0x0000000000000001 (is_user=0x0000000000000001)
[Syscall] read returned 0x0000000000000001 byte(s)
[SYSCALL] num=0x000000000000012F arg1=0x0000000000000000 arg2=0x00006FFFFFFFF7CE arg3=0x0000000000000001
 [SYSCALL] num=0x000000000000012E arg1=0x0000000000000000 arg2=0x00006FFFFFFFF957 arg3=0x0000000000000001
[SCHED] Switching from thread 0x0000000000000001 (is_user=0x0000000000000001) to thread 0x0000000000000000 (is_user=0x0000000000000000)
[PS2] IRQ1 received
[PS2] scancode=0x00000000000000B9
[PS2] IRQ1 received
[PS2] scancode=0x0000000000000017
[PS2] ascii='i'
[Console] queued 'i'
[Console] waking blocked reader
[SCHED] Switching from thread 0x0000000000000000 (is_user=0x0000000000000000) to thread 0x0000000000000001 (is_user=0x0000000000000001)
[Syscall] read returned 0x0000000000000001 byte(s)
[SYSCALL] num=0x000000000000012F arg1=0x0000000000000000 arg2=0x00006FFFFFFFF7CE arg3=0x0000000000000001
i[SYSCALL] num=0x000000000000012E arg1=0x0000000000000000 arg2=0x00006FFFFFFFF957 arg3=0x0000000000000001
[SCHED] Switching from thread 0x0000000000000001 (is_user=0x0000000000000001) to thread 0x0000000000000000 (is_user=0x0000000000000000)
[PS2] IRQ1 received
[PS2] scancode=0x0000000000000097
[PS2] IRQ1 received
[PS2] scancode=0x000000000000001F
[PS2] ascii='s'
[Console] queued 's'
[Console] waking blocked reader
[SCHED] Switching from thread 0x0000000000000000 (is_user=0x0000000000000000) to thread 0x0000000000000001 (is_user=0x0000000000000001)
[Syscall] read returned 0x0000000000000001 byte(s)
[SYSCALL] num=0x000000000000012F arg1=0x0000000000000000 arg2=0x00006FFFFFFFF7CE arg3=0x0000000000000001
s[SYSCALL] num=0x000000000000012E arg1=0x0000000000000000 arg2=0x00006FFFFFFFF957 arg3=0x0000000000000001
[SCHED] Switching from thread 0x0000000000000001 (is_user=0x0000000000000001) to thread 0x0000000000000000 (is_user=0x0000000000000000)
[PS2] IRQ1 received
[PS2] scancode=0x000000000000009F
[PS2] IRQ1 received
[PS2] scancode=0x0000000000000039
[PS2] ascii=' '
[Console] queued ' '
[Console] waking blocked reader
[SCHED] Switching from thread 0x0000000000000000 (is_user=0x0000000000000000) to thread 0x0000000000000001 (is_user=0x0000000000000001)
[Syscall] read returned 0x0000000000000001 byte(s)
[SYSCALL] num=0x000000000000012F arg1=0x0000000000000000 arg2=0x00006FFFFFFFF7CE arg3=0x0000000000000001
 [SYSCALL] num=0x000000000000012E arg1=0x0000000000000000 arg2=0x00006FFFFFFFF957 arg3=0x0000000000000001
[SCHED] Switching from thread 0x0000000000000001 (is_user=0x0000000000000001) to thread 0x0000000000000000 (is_user=0x0000000000000000)
[PS2] IRQ1 received
[PS2] scancode=0x00000000000000B9
[PS2] IRQ1 received
[PS2] scancode=0x0000000000000020
[PS2] ascii='d'
[Console] queued 'd'
[Console] waking blocked reader
[SCHED] Switching from thread 0x0000000000000000 (is_user=0x0000000000000000) to thread 0x0000000000000001 (is_user=0x0000000000000001)
[Syscall] read returned 0x0000000000000001 byte(s)
[SYSCALL] num=0x000000000000012F arg1=0x0000000000000000 arg2=0x00006FFFFFFFF7CE arg3=0x0000000000000001
d[SYSCALL] num=0x000000000000012E arg1=0x0000000000000000 arg2=0x00006FFFFFFFF957 arg3=0x0000000000000001
[SCHED] Switching from thread 0x0000000000000001 (is_user=0x0000000000000001) to thread 0x0000000000000000 (is_user=0x0000000000000000)
[PS2] IRQ1 received
[PS2] scancode=0x00000000000000A0
[PS2] IRQ1 received
[PS2] scancode=0x0000000000000018
[PS2] ascii='o'
[Console] queued 'o'
[Console] waking blocked reader
[SCHED] Switching from thread 0x0000000000000000 (is_user=0x0000000000000000) to thread 0x0000000000000001 (is_user=0x0000000000000001)
[Syscall] read returned 0x0000000000000001 byte(s)
[SYSCALL] num=0x000000000000012F arg1=0x0000000000000000 arg2=0x00006FFFFFFFF7CE arg3=0x0000000000000001
o[SYSCALL] num=0x000000000000012E arg1=0x0000000000000000 arg2=0x00006FFFFFFFF957 arg3=0x0000000000000001
[SCHED] Switching from thread 0x0000000000000001 (is_user=0x0000000000000001) to thread 0x0000000000000000 (is_user=0x0000000000000000)
[PS2] IRQ1 received
[PS2] scancode=0x0000000000000098
[PS2] IRQ1 received
[PS2] scancode=0x0000000000000016
[PS2] ascii='u'
[Console] queued 'u'
[Console] waking blocked reader
[SCHED] Switching from thread 0x0000000000000000 (is_user=0x0000000000000000) to thread 0x0000000000000001 (is_user=0x0000000000000001)
[Syscall] read returned 0x0000000000000001 byte(s)
[SYSCALL] num=0x000000000000012F arg1=0x0000000000000000 arg2=0x00006FFFFFFFF7CE arg3=0x0000000000000001
u[SYSCALL] num=0x000000000000012E arg1=0x0000000000000000 arg2=0x00006FFFFFFFF957 arg3=0x0000000000000001
[SCHED] Switching from thread 0x0000000000000001 (is_user=0x0000000000000001) to thread 0x0000000000000000 (is_user=0x0000000000000000)
[PS2] IRQ1 received
[PS2] scancode=0x0000000000000096
[PS2] IRQ1 received
[PS2] scancode=0x0000000000000030
[PS2] ascii='b'
[Console] queued 'b'
[Console] waking blocked reader
[SCHED] Switching from thread 0x0000000000000000 (is_user=0x0000000000000000) to thread 0x0000000000000001 (is_user=0x0000000000000001)
[Syscall] read returned 0x0000000000000001 byte(s)
[SYSCALL] num=0x000000000000012F arg1=0x0000000000000000 arg2=0x00006FFFFFFFF7CE arg3=0x0000000000000001
b[SYSCALL] num=0x000000000000012E arg1=0x0000000000000000 arg2=0x00006FFFFFFFF957 arg3=0x0000000000000001
[SCHED] Switching from thread 0x0000000000000001 (is_user=0x0000000000000001) to thread 0x0000000000000000 (is_user=0x0000000000000000)
[PS2] IRQ1 received
[PS2] scancode=0x00000000000000B0
[PS2] IRQ1 received
[PS2] scancode=0x0000000000000026
[PS2] ascii='l'
[Console] queued 'l'
[Console] waking blocked reader
[SCHED] Switching from thread 0x0000000000000000 (is_user=0x0000000000000000) to thread 0x0000000000000001 (is_user=0x0000000000000001)
[Syscall] read returned 0x0000000000000001 byte(s)
[SYSCALL] num=0x000000000000012F arg1=0x0000000000000000 arg2=0x00006FFFFFFFF7CE arg3=0x0000000000000001
l[SYSCALL] num=0x000000000000012E arg1=0x0000000000000000 arg2=0x00006FFFFFFFF957 arg3=0x0000000000000001
[SCHED] Switching from thread 0x0000000000000001 (is_user=0x0000000000000001) to thread 0x0000000000000000 (is_user=0x0000000000000000)
[PS2] IRQ1 received
[PS2] scancode=0x00000000000000A6
[PS2] IRQ1 received
[PS2] scancode=0x0000000000000012
[PS2] ascii='e'
[Console] queued 'e'
[Console] waking blocked reader
[SCHED] Switching from thread 0x0000000000000000 (is_user=0x0000000000000000) to thread 0x0000000000000001 (is_user=0x0000000000000001)
[Syscall] read returned 0x0000000000000001 byte(s)
[SYSCALL] num=0x000000000000012F arg1=0x0000000000000000 arg2=0x00006FFFFFFFF7CE arg3=0x0000000000000001
e[SYSCALL] num=0x000000000000012E arg1=0x0000000000000000 arg2=0x00006FFFFFFFF957 arg3=0x0000000000000001
[SCHED] Switching from thread 0x0000000000000001 (is_user=0x0000000000000001) to thread 0x0000000000000000 (is_user=0x0000000000000000)
[PS2] IRQ1 received
[PS2] scancode=0x0000000000000092
[PS2] IRQ1 received
[PS2] scancode=0x0000000000000039
[PS2] ascii=' '
[Console] queued ' '
[Console] waking blocked reader
[SCHED] Switching from thread 0x0000000000000000 (is_user=0x0000000000000000) to thread 0x0000000000000001 (is_user=0x0000000000000001)
[Syscall] read returned 0x0000000000000001 byte(s)
[SYSCALL] num=0x000000000000012F arg1=0x0000000000000000 arg2=0x00006FFFFFFFF7CE arg3=0x0000000000000001
 [SYSCALL] num=0x000000000000012E arg1=0x0000000000000000 arg2=0x00006FFFFFFFF957 arg3=0x0000000000000001
[SCHED] Switching from thread 0x0000000000000001 (is_user=0x0000000000000001) to thread 0x0000000000000000 (is_user=0x0000000000000000)
[PS2] IRQ1 received
[PS2] scancode=0x00000000000000B9
[PS2] IRQ1 received
[PS2] scancode=0x0000000000000010
[PS2] ascii='q'
[Console] queued 'q'
[Console] waking blocked reader
[SCHED] Switching from thread 0x0000000000000000 (is_user=0x0000000000000000) to thread 0x0000000000000001 (is_user=0x0000000000000001)
[Syscall] read returned 0x0000000000000001 byte(s)
[SYSCALL] num=0x000000000000012F arg1=0x0000000000000000 arg2=0x00006FFFFFFFF7CE arg3=0x0000000000000001
q[SYSCALL] num=0x000000000000012E arg1=0x0000000000000000 arg2=0x00006FFFFFFFF957 arg3=0x0000000000000001
[SCHED] Switching from thread 0x0000000000000001 (is_user=0x0000000000000001) to thread 0x0000000000000000 (is_user=0x0000000000000000)
[PS2] IRQ1 received
[PS2] scancode=0x0000000000000090
[PS2] IRQ1 received
[PS2] scancode=0x0000000000000016
[PS2] ascii='u'
[Console] queued 'u'
[Console] waking blocked reader
[SCHED] Switching from thread 0x0000000000000000 (is_user=0x0000000000000000) to thread 0x0000000000000001 (is_user=0x0000000000000001)
[Syscall] read returned 0x0000000000000001 byte(s)
[SYSCALL] num=0x000000000000012F arg1=0x0000000000000000 arg2=0x00006FFFFFFFF7CE arg3=0x0000000000000001
u[SYSCALL] num=0x000000000000012E arg1=0x0000000000000000 arg2=0x00006FFFFFFFF957 arg3=0x0000000000000001
[SCHED] Switching from thread 0x0000000000000001 (is_user=0x0000000000000001) to thread 0x0000000000000000 (is_user=0x0000000000000000)
[PS2] IRQ1 received
[PS2] scancode=0x0000000000000096
[PS2] IRQ1 received
[PS2] scancode=0x0000000000000018
[PS2] ascii='o'
[Console] queued 'o'
[Console] waking blocked reader
[SCHED] Switching from thread 0x0000000000000000 (is_user=0x0000000000000000) to thread 0x0000000000000001 (is_user=0x0000000000000001)
[Syscall] read returned 0x0000000000000001 byte(s)
[SYSCALL] num=0x000000000000012F arg1=0x0000000000000000 arg2=0x00006FFFFFFFF7CE arg3=0x0000000000000001
o[SYSCALL] num=0x000000000000012E arg1=0x0000000000000000 arg2=0x00006FFFFFFFF957 arg3=0x0000000000000001
[SCHED] Switching from thread 0x0000000000000001 (is_user=0x0000000000000001) to thread 0x0000000000000000 (is_user=0x0000000000000000)
[PS2] IRQ1 received
[PS2] scancode=0x0000000000000098
[PS2] IRQ1 received
[PS2] scancode=0x0000000000000014
[PS2] ascii='t'
[Console] queued 't'
[Console] waking blocked reader
[SCHED] Switching from thread 0x0000000000000000 (is_user=0x0000000000000000) to thread 0x0000000000000001 (is_user=0x0000000000000001)
[Syscall] read returned 0x0000000000000001 byte(s)
[SYSCALL] num=0x000000000000012F arg1=0x0000000000000000 arg2=0x00006FFFFFFFF7CE arg3=0x0000000000000001
t[SYSCALL] num=0x000000000000012E arg1=0x0000000000000000 arg2=0x00006FFFFFFFF957 arg3=0x0000000000000001
[SCHED] Switching from thread 0x0000000000000001 (is_user=0x0000000000000001) to thread 0x0000000000000000 (is_user=0x0000000000000000)
[PS2] IRQ1 received
[PS2] scancode=0x0000000000000094
[PS2] IRQ1 received
[PS2] scancode=0x0000000000000012
[PS2] ascii='e'
[Console] queued 'e'
[Console] waking blocked reader
[SCHED] Switching from thread 0x0000000000000000 (is_user=0x0000000000000000) to thread 0x0000000000000001 (is_user=0x0000000000000001)
[Syscall] read returned 0x0000000000000001 byte(s)
[SYSCALL] num=0x000000000000012F arg1=0x0000000000000000 arg2=0x00006FFFFFFFF7CE arg3=0x0000000000000001
e[SYSCALL] num=0x000000000000012E arg1=0x0000000000000000 arg2=0x00006FFFFFFFF957 arg3=0x0000000000000001
[SCHED] Switching from thread 0x0000000000000001 (is_user=0x0000000000000001) to thread 0x0000000000000000 (is_user=0x0000000000000000)
[PS2] IRQ1 received
[PS2] scancode=0x0000000000000092
[PS2] IRQ1 received
[PS2] scancode=0x000000000000002A
[PS2] IRQ1 received
[PS2] scancode=0x0000000000000027
[PS2] ascii=':'
[Console] queued ':'
[Console] waking blocked reader
[SCHED] Switching from thread 0x0000000000000000 (is_user=0x0000000000000000) to thread 0x0000000000000001 (is_user=0x0000000000000001)
[Syscall] read returned 0x0000000000000001 byte(s)
[SYSCALL] num=0x000000000000012F arg1=0x0000000000000000 arg2=0x00006FFFFFFFF7CE arg3=0x0000000000000001
:[SYSCALL] num=0x000000000000012E arg1=0x0000000000000000 arg2=0x00006FFFFFFFF957 arg3=0x0000000000000001
[SCHED] Switching from thread 0x0000000000000001 (is_user=0x0000000000000001) to thread 0x0000000000000000 (is_user=0x0000000000000000)
[PS2] IRQ1 received
[PS2] scancode=0x00000000000000A7
[PS2] IRQ1 received
[PS2] scancode=0x00000000000000AA
[PS2] IRQ1 received
[PS2] scancode=0x0000000000000039
[PS2] ascii=' '
[Console] queued ' '
[Console] waking blocked reader
[SCHED] Switching from thread 0x0000000000000000 (is_user=0x0000000000000000) to thread 0x0000000000000001 (is_user=0x0000000000000001)
[Syscall] read returned 0x0000000000000001 byte(s)
[SYSCALL] num=0x000000000000012F arg1=0x0000000000000000 arg2=0x00006FFFFFFFF7CE arg3=0x0000000000000001
 [SYSCALL] num=0x000000000000012E arg1=0x0000000000000000 arg2=0x00006FFFFFFFF957 arg3=0x0000000000000001
[SCHED] Switching from thread 0x0000000000000001 (is_user=0x0000000000000001) to thread 0x0000000000000000 (is_user=0x0000000000000000)
[PS2] IRQ1 received
[PS2] scancode=0x00000000000000B9
[PS2] IRQ1 received
[PS2] scancode=0x000000000000002A
[PS2] IRQ1 received
[PS2] scancode=0x0000000000000005
[PS2] ascii='$'
[Console] queued '$'
[Console] waking blocked reader
[SCHED] Switching from thread 0x0000000000000000 (is_user=0x0000000000000000) to thread 0x0000000000000001 (is_user=0x0000000000000001)
[Syscall] read returned 0x0000000000000001 byte(s)
[SYSCALL] num=0x000000000000012F arg1=0x0000000000000000 arg2=0x00006FFFFFFFF7CE arg3=0x0000000000000001
$[SYSCALL] num=0x000000000000012E arg1=0x0000000000000000 arg2=0x00006FFFFFFFF957 arg3=0x0000000000000001
[SCHED] Switching from thread 0x0000000000000001 (is_user=0x0000000000000001) to thread 0x0000000000000000 (is_user=0x0000000000000000)
[PS2] IRQ1 received
[PS2] scancode=0x0000000000000085
[PS2] IRQ1 received
[PS2] scancode=0x00000000000000AA
[PS2] IRQ1 received
[PS2] scancode=0x000000000000002A
[PS2] IRQ1 received
[PS2] scancode=0x0000000000000016
[PS2] ascii='U'
[Console] queued 'U'
[Console] waking blocked reader
[SCHED] Switching from thread 0x0000000000000000 (is_user=0x0000000000000000) to thread 0x0000000000000001 (is_user=0x0000000000000001)
[Syscall] read returned 0x0000000000000001 byte(s)
[SYSCALL] num=0x000000000000012F arg1=0x0000000000000000 arg2=0x00006FFFFFFFF7CE arg3=0x0000000000000001
U[SYSCALL] num=0x000000000000012E arg1=0x0000000000000000 arg2=0x00006FFFFFFFF957 arg3=0x0000000000000001
[SCHED] Switching from thread 0x0000000000000001 (is_user=0x0000000000000001) to thread 0x0000000000000000 (is_user=0x0000000000000000)
[PS2] IRQ1 received
[PS2] scancode=0x0000000000000096
[PS2] IRQ1 received
[PS2] scancode=0x00000000000000AA
[PS2] IRQ1 received
[PS2] scancode=0x000000000000002A
[PS2] IRQ1 received
[PS2] scancode=0x000000000000001F
[PS2] ascii='S'
[Console] queued 'S'
[Console] waking blocked reader
[SCHED] Switching from thread 0x0000000000000000 (is_user=0x0000000000000000) to thread 0x0000000000000001 (is_user=0x0000000000000001)
[Syscall] read returned 0x0000000000000001 byte(s)
[SYSCALL] num=0x000000000000012F arg1=0x0000000000000000 arg2=0x00006FFFFFFFF7CE arg3=0x0000000000000001
S[SYSCALL] num=0x000000000000012E arg1=0x0000000000000000 arg2=0x00006FFFFFFFF957 arg3=0x0000000000000001
[SCHED] Switching from thread 0x0000000000000001 (is_user=0x0000000000000001) to thread 0x0000000000000000 (is_user=0x0000000000000000)
[PS2] IRQ1 received
[PS2] scancode=0x000000000000009F
[PS2] IRQ1 received
[PS2] scancode=0x00000000000000AA
[PS2] IRQ1 received
[PS2] scancode=0x000000000000002A
[PS2] IRQ1 received
[PS2] scancode=0x0000000000000012
[PS2] ascii='E'
[Console] queued 'E'
[Console] waking blocked reader
[SCHED] Switching from thread 0x0000000000000000 (is_user=0x0000000000000000) to thread 0x0000000000000001 (is_user=0x0000000000000001)
[Syscall] read returned 0x0000000000000001 byte(s)
[SYSCALL] num=0x000000000000012F arg1=0x0000000000000000 arg2=0x00006FFFFFFFF7CE arg3=0x0000000000000001
E[SYSCALL] num=0x000000000000012E arg1=0x0000000000000000 arg2=0x00006FFFFFFFF957 arg3=0x0000000000000001
[SCHED] Switching from thread 0x0000000000000001 (is_user=0x0000000000000001) to thread 0x0000000000000000 (is_user=0x0000000000000000)
[PS2] IRQ1 received
[PS2] scancode=0x0000000000000092
[PS2] IRQ1 received
[PS2] scancode=0x00000000000000AA
[PS2] IRQ1 received
[PS2] scancode=0x000000000000002A
[PS2] IRQ1 received
[PS2] scancode=0x0000000000000013
[PS2] ascii='R'
[Console] queued 'R'
[Console] waking blocked reader
[SCHED] Switching from thread 0x0000000000000000 (is_user=0x0000000000000000) to thread 0x0000000000000001 (is_user=0x0000000000000001)
[Syscall] read returned 0x0000000000000001 byte(s)
[SYSCALL] num=0x000000000000012F arg1=0x0000000000000000 arg2=0x00006FFFFFFFF7CE arg3=0x0000000000000001
R[SYSCALL] num=0x000000000000012E arg1=0x0000000000000000 arg2=0x00006FFFFFFFF957 arg3=0x0000000000000001
[SCHED] Switching from thread 0x0000000000000001 (is_user=0x0000000000000001) to thread 0x0000000000000000 (is_user=0x0000000000000000)
[PS2] IRQ1 received
[PS2] scancode=0x0000000000000093
[PS2] IRQ1 received
[PS2] scancode=0x00000000000000AA
[PS2] IRQ1 received
[PS2] scancode=0x000000000000002A
[PS2] IRQ1 received
[PS2] scancode=0x0000000000000028
[PS2] ascii='"'
[Console] queued '"'
[Console] waking blocked reader
[SCHED] Switching from thread 0x0000000000000000 (is_user=0x0000000000000000) to thread 0x0000000000000001 (is_user=0x0000000000000001)
[Syscall] read returned 0x0000000000000001 byte(s)
[SYSCALL] num=0x000000000000012F arg1=0x0000000000000000 arg2=0x00006FFFFFFFF7CE arg3=0x0000000000000001
"[SYSCALL] num=0x000000000000012E arg1=0x0000000000000000 arg2=0x00006FFFFFFFF957 arg3=0x0000000000000001
[SCHED] Switching from thread 0x0000000000000001 (is_user=0x0000000000000001) to thread 0x0000000000000000 (is_user=0x0000000000000000)
[PS2] IRQ1 received
[PS2] scancode=0x00000000000000A8
[PS2] IRQ1 received
[PS2] scancode=0x00000000000000AA
[PS2] IRQ1 received
[PS2] scancode=0x000000000000001C
[PS2] ascii='
'
[Console] queued '
'
[Console] waking blocked reader
[SCHED] Switching from thread 0x0000000000000000 (is_user=0x0000000000000000) to thread 0x0000000000000001 (is_user=0x0000000000000001)
[Syscall] read returned 0x0000000000000001 byte(s)
[SYSCALL] num=0x000000000000012F arg1=0x0000000000000000 arg2=0x000000000040B5C5 arg3=0x0000000000000001

[SYSCALL] num=0x000000000000012F arg1=0x0000000000000001 arg2=0x0000000000464580 arg3=0x000000000000001A
This is double quote: acos[SYSCALL] num=0x000000000000012F arg1=0x0000000000000001 arg2=0x000000000040B5C5 arg3=0x0000000000000001

[SYSCALL] num=0x000000000000012D arg1=0x0000000000000000 arg2=0x0000000000000000 arg3=0x0000000000000000
[SYSCALL] num=0x000000000000012C arg1=0x000000000040B002 arg2=0x0000000000000000 arg3=0x0000000000000000
  VFS: open called for /dev/console
  VFS: relative_path: console
  DevFS: open path='console'
  DevFS: path hex: 0x0000000000000063 0x000000000000006F 0x000000000000006E 0x0000000000000073 0x000000000000006F 0x000000000000006C 0x0000000000000065
  DevFS: matched console!
  Heap: kmalloc size=0x0000000000000010 pages=0x0000000000000001 ptr=0x0000000000394010
  VFS: register_file fd=0x0000000000000000
[SYSCALL] num=0x000000000000012D arg1=0x0000000000000001 arg2=0x0000000000000000 arg3=0x0000000000000000
[SYSCALL] num=0x000000000000012C arg1=0x000000000040B002 arg2=0x0000000000000000 arg3=0x0000000000000000
  VFS: open called for /dev/console
  VFS: relative_path: console
  DevFS: open path='console'
  DevFS: path hex: 0x0000000000000063 0x000000000000006F 0x000000000000006E 0x0000000000000073 0x000000000000006F 0x000000000000006C 0x0000000000000065
  DevFS: matched console!
  Heap: kmalloc size=0x0000000000000010 pages=0x0000000000000001 ptr=0x0000000000395010
  VFS: register_file fd=0x0000000000000001
[PS2] IRQ1 received
[PS2] scancode=0x000000000000009C
[SYSCALL] num=0x000000000000012F arg1=0x0000000000000000 arg2=0x00006FFFFFFFF9A8 arg3=0x000000000000000F
[acos@acos /]$ [SYSCALL] num=0x000000000000012E arg1=0x0000000000000000 arg2=0x00006FFFFFFFF957 arg3=0x0000000000000001
[SCHED] Switching from thread 0x0000000000000001 (is_user=0x0000000000000001) to thread 0x0000000000000000 (is_user=0x0000000000000000)
[PS2] IRQ1 received
[PS2] scancode=0x0000000000000012
[PS2] ascii='e'
[Console] queued 'e'
[Console] waking blocked reader
[SCHED] Switching from thread 0x0000000000000000 (is_user=0x0000000000000000) to thread 0x0000000000000001 (is_user=0x0000000000000001)
[Syscall] read returned 0x0000000000000001 byte(s)
[SYSCALL] num=0x000000000000012F arg1=0x0000000000000000 arg2=0x00006FFFFFFFF7CE arg3=0x0000000000000001
e[SYSCALL] num=0x000000000000012E arg1=0x0000000000000000 arg2=0x00006FFFFFFFF957 arg3=0x0000000000000001
[SCHED] Switching from thread 0x0000000000000001 (is_user=0x0000000000000001) to thread 0x0000000000000000 (is_user=0x0000000000000000)
[PS2] IRQ1 received
[PS2] scancode=0x0000000000000092
[PS2] IRQ1 received
[PS2] scancode=0x000000000000002E
[PS2] ascii='c'
[Console] queued 'c'
[Console] waking blocked reader
[SCHED] Switching from thread 0x0000000000000000 (is_user=0x0000000000000000) to thread 0x0000000000000001 (is_user=0x0000000000000001)
[Syscall] read returned 0x0000000000000001 byte(s)
[SYSCALL] num=0x000000000000012F arg1=0x0000000000000000 arg2=0x00006FFFFFFFF7CE arg3=0x0000000000000001
c[SYSCALL] num=0x000000000000012E arg1=0x0000000000000000 arg2=0x00006FFFFFFFF957 arg3=0x0000000000000001
[SCHED] Switching from thread 0x0000000000000001 (is_user=0x0000000000000001) to thread 0x0000000000000000 (is_user=0x0000000000000000)
[PS2] IRQ1 received
[PS2] scancode=0x00000000000000AE
[PS2] IRQ1 received
[PS2] scancode=0x0000000000000023
[PS2] ascii='h'
[Console] queued 'h'
[Console] waking blocked reader
[SCHED] Switching from thread 0x0000000000000000 (is_user=0x0000000000000000) to thread 0x0000000000000001 (is_user=0x0000000000000001)
[Syscall] read returned 0x0000000000000001 byte(s)
[SYSCALL] num=0x000000000000012F arg1=0x0000000000000000 arg2=0x00006FFFFFFFF7CE arg3=0x0000000000000001
h[SYSCALL] num=0x000000000000012E arg1=0x0000000000000000 arg2=0x00006FFFFFFFF957 arg3=0x0000000000000001
[SCHED] Switching from thread 0x0000000000000001 (is_user=0x0000000000000001) to thread 0x0000000000000000 (is_user=0x0000000000000000)
[PS2] IRQ1 received
[PS2] scancode=0x00000000000000A3
[PS2] IRQ1 received
[PS2] scancode=0x0000000000000018
[PS2] ascii='o'
[Console] queued 'o'
[Console] waking blocked reader
[SCHED] Switching from thread 0x0000000000000000 (is_user=0x0000000000000000) to thread 0x0000000000000001 (is_user=0x0000000000000001)
[Syscall] read returned 0x0000000000000001 byte(s)
[SYSCALL] num=0x000000000000012F arg1=0x0000000000000000 arg2=0x00006FFFFFFFF7CE arg3=0x0000000000000001
o[SYSCALL] num=0x000000000000012E arg1=0x0000000000000000 arg2=0x00006FFFFFFFF957 arg3=0x0000000000000001
[SCHED] Switching from thread 0x0000000000000001 (is_user=0x0000000000000001) to thread 0x0000000000000000 (is_user=0x0000000000000000)
[PS2] IRQ1 received
[PS2] scancode=0x0000000000000098
[PS2] IRQ1 received
[PS2] scancode=0x0000000000000039
[PS2] ascii=' '
[Console] queued ' '
[Console] waking blocked reader
[SCHED] Switching from thread 0x0000000000000000 (is_user=0x0000000000000000) to thread 0x0000000000000001 (is_user=0x0000000000000001)
[Syscall] read returned 0x0000000000000001 byte(s)
[SYSCALL] num=0x000000000000012F arg1=0x0000000000000000 arg2=0x00006FFFFFFFF7CE arg3=0x0000000000000001
 [SYSCALL] num=0x000000000000012E arg1=0x0000000000000000 arg2=0x00006FFFFFFFF957 arg3=0x0000000000000001
[SCHED] Switching from thread 0x0000000000000001 (is_user=0x0000000000000001) to thread 0x0000000000000000 (is_user=0x0000000000000000)
[PS2] IRQ1 received
[PS2] scancode=0x00000000000000B9
[PS2] IRQ1 received
[PS2] scancode=0x0000000000000028
[PS2] ascii='''
[Console] queued '''
[Console] waking blocked reader
[SCHED] Switching from thread 0x0000000000000000 (is_user=0x0000000000000000) to thread 0x0000000000000001 (is_user=0x0000000000000001)
[Syscall] read returned 0x0000000000000001 byte(s)
[SYSCALL] num=0x000000000000012F arg1=0x0000000000000000 arg2=0x00006FFFFFFFF7CE arg3=0x0000000000000001
'[SYSCALL] num=0x000000000000012E arg1=0x0000000000000000 arg2=0x00006FFFFFFFF957 arg3=0x0000000000000001
[SCHED] Switching from thread 0x0000000000000001 (is_user=0x0000000000000001) to thread 0x0000000000000000 (is_user=0x0000000000000000)
[PS2] IRQ1 received
[PS2] scancode=0x00000000000000A8
[PS2] IRQ1 received
[PS2] scancode=0x000000000000002A
[PS2] IRQ1 received
[PS2] scancode=0x0000000000000014
[PS2] ascii='T'
[Console] queued 'T'
[Console] waking blocked reader
[SCHED] Switching from thread 0x0000000000000000 (is_user=0x0000000000000000) to thread 0x0000000000000001 (is_user=0x0000000000000001)
[Syscall] read returned 0x0000000000000001 byte(s)
[SYSCALL] num=0x000000000000012F arg1=0x0000000000000000 arg2=0x00006FFFFFFFF7CE arg3=0x0000000000000001
T[SYSCALL] num=0x000000000000012E arg1=0x0000000000000000 arg2=0x00006FFFFFFFF957 arg3=0x0000000000000001
[SCHED] Switching from thread 0x0000000000000001 (is_user=0x0000000000000001) to thread 0x0000000000000000 (is_user=0x0000000000000000)
[PS2] IRQ1 received
[PS2] scancode=0x0000000000000094
[PS2] IRQ1 received
[PS2] scancode=0x00000000000000AA
[PS2] IRQ1 received
[PS2] scancode=0x0000000000000023
[PS2] ascii='h'
[Console] queued 'h'
[Console] waking blocked reader
[SCHED] Switching from thread 0x0000000000000000 (is_user=0x0000000000000000) to thread 0x0000000000000001 (is_user=0x0000000000000001)
[Syscall] read returned 0x0000000000000001 byte(s)
[SYSCALL] num=0x000000000000012F arg1=0x0000000000000000 arg2=0x00006FFFFFFFF7CE arg3=0x0000000000000001
h[SYSCALL] num=0x000000000000012E arg1=0x0000000000000000 arg2=0x00006FFFFFFFF957 arg3=0x0000000000000001
[SCHED] Switching from thread 0x0000000000000001 (is_user=0x0000000000000001) to thread 0x0000000000000000 (is_user=0x0000000000000000)
[PS2] IRQ1 received
[PS2] scancode=0x00000000000000A3
[PS2] IRQ1 received
[PS2] scancode=0x0000000000000017
[PS2] ascii='i'
[Console] queued 'i'
[Console] waking blocked reader
[SCHED] Switching from thread 0x0000000000000000 (is_user=0x0000000000000000) to thread 0x0000000000000001 (is_user=0x0000000000000001)
[Syscall] read returned 0x0000000000000001 byte(s)
[SYSCALL] num=0x000000000000012F arg1=0x0000000000000000 arg2=0x00006FFFFFFFF7CE arg3=0x0000000000000001
i[SYSCALL] num=0x000000000000012E arg1=0x0000000000000000 arg2=0x00006FFFFFFFF957 arg3=0x0000000000000001
[SCHED] Switching from thread 0x0000000000000001 (is_user=0x0000000000000001) to thread 0x0000000000000000 (is_user=0x0000000000000000)
[PS2] IRQ1 received
[PS2] scancode=0x0000000000000097
[PS2] IRQ1 received
[PS2] scancode=0x000000000000001F
[PS2] ascii='s'
[Console] queued 's'
[Console] waking blocked reader
[SCHED] Switching from thread 0x0000000000000000 (is_user=0x0000000000000000) to thread 0x0000000000000001 (is_user=0x0000000000000001)
[Syscall] read returned 0x0000000000000001 byte(s)
[SYSCALL] num=0x000000000000012F arg1=0x0000000000000000 arg2=0x00006FFFFFFFF7CE arg3=0x0000000000000001
s[SYSCALL] num=0x000000000000012E arg1=0x0000000000000000 arg2=0x00006FFFFFFFF957 arg3=0x0000000000000001
[SCHED] Switching from thread 0x0000000000000001 (is_user=0x0000000000000001) to thread 0x0000000000000000 (is_user=0x0000000000000000)
[PS2] IRQ1 received
[PS2] scancode=0x000000000000009F
[PS2] IRQ1 received
[PS2] scancode=0x0000000000000039
[PS2] ascii=' '
[Console] queued ' '
[Console] waking blocked reader
[SCHED] Switching from thread 0x0000000000000000 (is_user=0x0000000000000000) to thread 0x0000000000000001 (is_user=0x0000000000000001)
[Syscall] read returned 0x0000000000000001 byte(s)
[SYSCALL] num=0x000000000000012F arg1=0x0000000000000000 arg2=0x00006FFFFFFFF7CE arg3=0x0000000000000001
 [SYSCALL] num=0x000000000000012E arg1=0x0000000000000000 arg2=0x00006FFFFFFFF957 arg3=0x0000000000000001
[SCHED] Switching from thread 0x0000000000000001 (is_user=0x0000000000000001) to thread 0x0000000000000000 (is_user=0x0000000000000000)
[PS2] IRQ1 received
[PS2] scancode=0x00000000000000B9
[PS2] IRQ1 received
[PS2] scancode=0x0000000000000017
[PS2] ascii='i'
[Console] queued 'i'
[Console] waking blocked reader
[SCHED] Switching from thread 0x0000000000000000 (is_user=0x0000000000000000) to thread 0x0000000000000001 (is_user=0x0000000000000001)
[Syscall] read returned 0x0000000000000001 byte(s)
[SYSCALL] num=0x000000000000012F arg1=0x0000000000000000 arg2=0x00006FFFFFFFF7CE arg3=0x0000000000000001
i[SYSCALL] num=0x000000000000012E arg1=0x0000000000000000 arg2=0x00006FFFFFFFF957 arg3=0x0000000000000001
[SCHED] Switching from thread 0x0000000000000001 (is_user=0x0000000000000001) to thread 0x0000000000000000 (is_user=0x0000000000000000)
[PS2] IRQ1 received
[PS2] scancode=0x0000000000000097
[PS2] IRQ1 received
[PS2] scancode=0x000000000000001F
[PS2] ascii='s'
[Console] queued 's'
[Console] waking blocked reader
[SCHED] Switching from thread 0x0000000000000000 (is_user=0x0000000000000000) to thread 0x0000000000000001 (is_user=0x0000000000000001)
[Syscall] read returned 0x0000000000000001 byte(s)
[SYSCALL] num=0x000000000000012F arg1=0x0000000000000000 arg2=0x00006FFFFFFFF7CE arg3=0x0000000000000001
s[SYSCALL] num=0x000000000000012E arg1=0x0000000000000000 arg2=0x00006FFFFFFFF957 arg3=0x0000000000000001
[SCHED] Switching from thread 0x0000000000000001 (is_user=0x0000000000000001) to thread 0x0000000000000000 (is_user=0x0000000000000000)
[PS2] IRQ1 received
[PS2] scancode=0x000000000000009F
[PS2] IRQ1 received
[PS2] scancode=0x0000000000000039
[PS2] ascii=' '
[Console] queued ' '
[Console] waking blocked reader
[SCHED] Switching from thread 0x0000000000000000 (is_user=0x0000000000000000) to thread 0x0000000000000001 (is_user=0x0000000000000001)
[Syscall] read returned 0x0000000000000001 byte(s)
[SYSCALL] num=0x000000000000012F arg1=0x0000000000000000 arg2=0x00006FFFFFFFF7CE arg3=0x0000000000000001
 [SYSCALL] num=0x000000000000012E arg1=0x0000000000000000 arg2=0x00006FFFFFFFF957 arg3=0x0000000000000001
[SCHED] Switching from thread 0x0000000000000001 (is_user=0x0000000000000001) to thread 0x0000000000000000 (is_user=0x0000000000000000)
[PS2] IRQ1 received
[PS2] scancode=0x00000000000000B9
[PS2] IRQ1 received
[PS2] scancode=0x000000000000001F
[PS2] ascii='s'
[Console] queued 's'
[Console] waking blocked reader
[SCHED] Switching from thread 0x0000000000000000 (is_user=0x0000000000000000) to thread 0x0000000000000001 (is_user=0x0000000000000001)
[Syscall] read returned 0x0000000000000001 byte(s)
[SYSCALL] num=0x000000000000012F arg1=0x0000000000000000 arg2=0x00006FFFFFFFF7CE arg3=0x0000000000000001
s[SYSCALL] num=0x000000000000012E arg1=0x0000000000000000 arg2=0x00006FFFFFFFF957 arg3=0x0000000000000001
[SCHED] Switching from thread 0x0000000000000001 (is_user=0x0000000000000001) to thread 0x0000000000000000 (is_user=0x0000000000000000)
[PS2] IRQ1 received
[PS2] scancode=0x000000000000009F
[PS2] IRQ1 received
[PS2] scancode=0x0000000000000017
[PS2] ascii='i'
[Console] queued 'i'
[Console] waking blocked reader
[SCHED] Switching from thread 0x0000000000000000 (is_user=0x0000000000000000) to thread 0x0000000000000001 (is_user=0x0000000000000001)
[Syscall] read returned 0x0000000000000001 byte(s)
[SYSCALL] num=0x000000000000012F arg1=0x0000000000000000 arg2=0x00006FFFFFFFF7CE arg3=0x0000000000000001
i[SYSCALL] num=0x000000000000012E arg1=0x0000000000000000 arg2=0x00006FFFFFFFF957 arg3=0x0000000000000001
[SCHED] Switching from thread 0x0000000000000001 (is_user=0x0000000000000001) to thread 0x0000000000000000 (is_user=0x0000000000000000)
[PS2] IRQ1 received
[PS2] scancode=0x0000000000000097
[PS2] IRQ1 received
[PS2] scancode=0x0000000000000031
[PS2] ascii='n'
[Console] queued 'n'
[Console] waking blocked reader
[SCHED] Switching from thread 0x0000000000000000 (is_user=0x0000000000000000) to thread 0x0000000000000001 (is_user=0x0000000000000001)
[Syscall] read returned 0x0000000000000001 byte(s)
[SYSCALL] num=0x000000000000012F arg1=0x0000000000000000 arg2=0x00006FFFFFFFF7CE arg3=0x0000000000000001
n[SYSCALL] num=0x000000000000012E arg1=0x0000000000000000 arg2=0x00006FFFFFFFF957 arg3=0x0000000000000001
[SCHED] Switching from thread 0x0000000000000001 (is_user=0x0000000000000001) to thread 0x0000000000000000 (is_user=0x0000000000000000)
[PS2] IRQ1 received
[PS2] scancode=0x00000000000000B1
[PS2] IRQ1 received
[PS2] scancode=0x0000000000000022
[PS2] ascii='g'
[Console] queued 'g'
[Console] waking blocked reader
[SCHED] Switching from thread 0x0000000000000000 (is_user=0x0000000000000000) to thread 0x0000000000000001 (is_user=0x0000000000000001)
[Syscall] read returned 0x0000000000000001 byte(s)
[SYSCALL] num=0x000000000000012F arg1=0x0000000000000000 arg2=0x00006FFFFFFFF7CE arg3=0x0000000000000001
g[SYSCALL] num=0x000000000000012E arg1=0x0000000000000000 arg2=0x00006FFFFFFFF957 arg3=0x0000000000000001
[SCHED] Switching from thread 0x0000000000000001 (is_user=0x0000000000000001) to thread 0x0000000000000000 (is_user=0x0000000000000000)
[PS2] IRQ1 received
[PS2] scancode=0x00000000000000A2
[PS2] IRQ1 received
[PS2] scancode=0x0000000000000026
[PS2] ascii='l'
[Console] queued 'l'
[Console] waking blocked reader
[SCHED] Switching from thread 0x0000000000000000 (is_user=0x0000000000000000) to thread 0x0000000000000001 (is_user=0x0000000000000001)
[Syscall] read returned 0x0000000000000001 byte(s)
[SYSCALL] num=0x000000000000012F arg1=0x0000000000000000 arg2=0x00006FFFFFFFF7CE arg3=0x0000000000000001
l[SYSCALL] num=0x000000000000012E arg1=0x0000000000000000 arg2=0x00006FFFFFFFF957 arg3=0x0000000000000001
[SCHED] Switching from thread 0x0000000000000001 (is_user=0x0000000000000001) to thread 0x0000000000000000 (is_user=0x0000000000000000)
[PS2] IRQ1 received
[PS2] scancode=0x00000000000000A6
[PS2] IRQ1 received
[PS2] scancode=0x0000000000000012
[PS2] ascii='e'
[Console] queued 'e'
[Console] waking blocked reader
[SCHED] Switching from thread 0x0000000000000000 (is_user=0x0000000000000000) to thread 0x0000000000000001 (is_user=0x0000000000000001)
[Syscall] read returned 0x0000000000000001 byte(s)
[SYSCALL] num=0x000000000000012F arg1=0x0000000000000000 arg2=0x00006FFFFFFFF7CE arg3=0x0000000000000001
e[SYSCALL] num=0x000000000000012E arg1=0x0000000000000000 arg2=0x00006FFFFFFFF957 arg3=0x0000000000000001
[SCHED] Switching from thread 0x0000000000000001 (is_user=0x0000000000000001) to thread 0x0000000000000000 (is_user=0x0000000000000000)
[PS2] IRQ1 received
[PS2] scancode=0x0000000000000092
[PS2] IRQ1 received
[PS2] scancode=0x0000000000000039
[PS2] ascii=' '
[Console] queued ' '
[Console] waking blocked reader
[SCHED] Switching from thread 0x0000000000000000 (is_user=0x0000000000000000) to thread 0x0000000000000001 (is_user=0x0000000000000001)
[Syscall] read returned 0x0000000000000001 byte(s)
[SYSCALL] num=0x000000000000012F arg1=0x0000000000000000 arg2=0x00006FFFFFFFF7CE arg3=0x0000000000000001
 [SYSCALL] num=0x000000000000012E arg1=0x0000000000000000 arg2=0x00006FFFFFFFF957 arg3=0x0000000000000001
[SCHED] Switching from thread 0x0000000000000001 (is_user=0x0000000000000001) to thread 0x0000000000000000 (is_user=0x0000000000000000)
[PS2] IRQ1 received
[PS2] scancode=0x00000000000000B9
[PS2] IRQ1 received
[PS2] scancode=0x0000000000000010
[PS2] ascii='q'
[Console] queued 'q'
[Console] waking blocked reader
[SCHED] Switching from thread 0x0000000000000000 (is_user=0x0000000000000000) to thread 0x0000000000000001 (is_user=0x0000000000000001)
[Syscall] read returned 0x0000000000000001 byte(s)
[SYSCALL] num=0x000000000000012F arg1=0x0000000000000000 arg2=0x00006FFFFFFFF7CE arg3=0x0000000000000001
q[SYSCALL] num=0x000000000000012E arg1=0x0000000000000000 arg2=0x00006FFFFFFFF957 arg3=0x0000000000000001
[SCHED] Switching from thread 0x0000000000000001 (is_user=0x0000000000000001) to thread 0x0000000000000000 (is_user=0x0000000000000000)
[PS2] IRQ1 received
[PS2] scancode=0x0000000000000090
[PS2] IRQ1 received
[PS2] scancode=0x0000000000000016
[PS2] ascii='u'
[Console] queued 'u'
[Console] waking blocked reader
[SCHED] Switching from thread 0x0000000000000000 (is_user=0x0000000000000000) to thread 0x0000000000000001 (is_user=0x0000000000000001)
[Syscall] read returned 0x0000000000000001 byte(s)
[SYSCALL] num=0x000000000000012F arg1=0x0000000000000000 arg2=0x00006FFFFFFFF7CE arg3=0x0000000000000001
u[SYSCALL] num=0x000000000000012E arg1=0x0000000000000000 arg2=0x00006FFFFFFFF957 arg3=0x0000000000000001
[SCHED] Switching from thread 0x0000000000000001 (is_user=0x0000000000000001) to thread 0x0000000000000000 (is_user=0x0000000000000000)
[PS2] IRQ1 received
[PS2] scancode=0x0000000000000096
[PS2] IRQ1 received
[PS2] scancode=0x0000000000000018
[PS2] ascii='o'
[Console] queued 'o'
[Console] waking blocked reader
[SCHED] Switching from thread 0x0000000000000000 (is_user=0x0000000000000000) to thread 0x0000000000000001 (is_user=0x0000000000000001)
[Syscall] read returned 0x0000000000000001 byte(s)
[SYSCALL] num=0x000000000000012F arg1=0x0000000000000000 arg2=0x00006FFFFFFFF7CE arg3=0x0000000000000001
o[SYSCALL] num=0x000000000000012E arg1=0x0000000000000000 arg2=0x00006FFFFFFFF957 arg3=0x0000000000000001
[SCHED] Switching from thread 0x0000000000000001 (is_user=0x0000000000000001) to thread 0x0000000000000000 (is_user=0x0000000000000000)
[PS2] IRQ1 received
[PS2] scancode=0x0000000000000098
[PS2] IRQ1 received
[PS2] scancode=0x0000000000000014
[PS2] ascii='t'
[Console] queued 't'
[Console] waking blocked reader
[SCHED] Switching from thread 0x0000000000000000 (is_user=0x0000000000000000) to thread 0x0000000000000001 (is_user=0x0000000000000001)
[Syscall] read returned 0x0000000000000001 byte(s)
[SYSCALL] num=0x000000000000012F arg1=0x0000000000000000 arg2=0x00006FFFFFFFF7CE arg3=0x0000000000000001
t[SYSCALL] num=0x000000000000012E arg1=0x0000000000000000 arg2=0x00006FFFFFFFF957 arg3=0x0000000000000001
[SCHED] Switching from thread 0x0000000000000001 (is_user=0x0000000000000001) to thread 0x0000000000000000 (is_user=0x0000000000000000)
[PS2] IRQ1 received
[PS2] scancode=0x0000000000000094
[PS2] IRQ1 received
[PS2] scancode=0x0000000000000012
[PS2] ascii='e'
[Console] queued 'e'
[Console] waking blocked reader
[SCHED] Switching from thread 0x0000000000000000 (is_user=0x0000000000000000) to thread 0x0000000000000001 (is_user=0x0000000000000001)
[Syscall] read returned 0x0000000000000001 byte(s)
[SYSCALL] num=0x000000000000012F arg1=0x0000000000000000 arg2=0x00006FFFFFFFF7CE arg3=0x0000000000000001
e[SYSCALL] num=0x000000000000012E arg1=0x0000000000000000 arg2=0x00006FFFFFFFF957 arg3=0x0000000000000001
[SCHED] Switching from thread 0x0000000000000001 (is_user=0x0000000000000001) to thread 0x0000000000000000 (is_user=0x0000000000000000)
[PS2] IRQ1 received
[PS2] scancode=0x0000000000000092
[PS2] IRQ1 received
[PS2] scancode=0x000000000000002A
[PS2] IRQ1 received
[PS2] scancode=0x0000000000000027
[PS2] ascii=':'
[Console] queued ':'
[Console] waking blocked reader
[SCHED] Switching from thread 0x0000000000000000 (is_user=0x0000000000000000) to thread 0x0000000000000001 (is_user=0x0000000000000001)
[Syscall] read returned 0x0000000000000001 byte(s)
[SYSCALL] num=0x000000000000012F arg1=0x0000000000000000 arg2=0x00006FFFFFFFF7CE arg3=0x0000000000000001
:[SYSCALL] num=0x000000000000012E arg1=0x0000000000000000 arg2=0x00006FFFFFFFF957 arg3=0x0000000000000001
[SCHED] Switching from thread 0x0000000000000001 (is_user=0x0000000000000001) to thread 0x0000000000000000 (is_user=0x0000000000000000)
[PS2] IRQ1 received
[PS2] scancode=0x00000000000000A7
[PS2] IRQ1 received
[PS2] scancode=0x00000000000000AA
[PS2] IRQ1 received
[PS2] scancode=0x0000000000000039
[PS2] ascii=' '
[Console] queued ' '
[Console] waking blocked reader
[SCHED] Switching from thread 0x0000000000000000 (is_user=0x0000000000000000) to thread 0x0000000000000001 (is_user=0x0000000000000001)
[Syscall] read returned 0x0000000000000001 byte(s)
[SYSCALL] num=0x000000000000012F arg1=0x0000000000000000 arg2=0x00006FFFFFFFF7CE arg3=0x0000000000000001
 [SYSCALL] num=0x000000000000012E arg1=0x0000000000000000 arg2=0x00006FFFFFFFF957 arg3=0x0000000000000001
[SCHED] Switching from thread 0x0000000000000001 (is_user=0x0000000000000001) to thread 0x0000000000000000 (is_user=0x0000000000000000)
[PS2] IRQ1 received
[PS2] scancode=0x00000000000000B9
[PS2] IRQ1 received
[PS2] scancode=0x000000000000002A
[PS2] IRQ1 received
[PS2] scancode=0x0000000000000005
[PS2] ascii='$'
[Console] queued '$'
[Console] waking blocked reader
[SCHED] Switching from thread 0x0000000000000000 (is_user=0x0000000000000000) to thread 0x0000000000000001 (is_user=0x0000000000000001)
[Syscall] read returned 0x0000000000000001 byte(s)
[SYSCALL] num=0x000000000000012F arg1=0x0000000000000000 arg2=0x00006FFFFFFFF7CE arg3=0x0000000000000001
$[SYSCALL] num=0x000000000000012E arg1=0x0000000000000000 arg2=0x00006FFFFFFFF957 arg3=0x0000000000000001
[SCHED] Switching from thread 0x0000000000000001 (is_user=0x0000000000000001) to thread 0x0000000000000000 (is_user=0x0000000000000000)
[PS2] IRQ1 received
[PS2] scancode=0x0000000000000085
[PS2] IRQ1 received
[PS2] scancode=0x00000000000000AA
[PS2] IRQ1 received
[PS2] scancode=0x000000000000002A
[PS2] IRQ1 received
[PS2] scancode=0x0000000000000016
[PS2] ascii='U'
[Console] queued 'U'
[Console] waking blocked reader
[SCHED] Switching from thread 0x0000000000000000 (is_user=0x0000000000000000) to thread 0x0000000000000001 (is_user=0x0000000000000001)
[Syscall] read returned 0x0000000000000001 byte(s)
[SYSCALL] num=0x000000000000012F arg1=0x0000000000000000 arg2=0x00006FFFFFFFF7CE arg3=0x0000000000000001
U[SYSCALL] num=0x000000000000012E arg1=0x0000000000000000 arg2=0x00006FFFFFFFF957 arg3=0x0000000000000001
[SCHED] Switching from thread 0x0000000000000001 (is_user=0x0000000000000001) to thread 0x0000000000000000 (is_user=0x0000000000000000)
[PS2] IRQ1 received
[PS2] scancode=0x0000000000000096
[PS2] IRQ1 received
[PS2] scancode=0x00000000000000AA
[PS2] IRQ1 received
[PS2] scancode=0x000000000000002A
[PS2] IRQ1 received
[PS2] scancode=0x000000000000001F
[PS2] ascii='S'
[Console] queued 'S'
[Console] waking blocked reader
[SCHED] Switching from thread 0x0000000000000000 (is_user=0x0000000000000000) to thread 0x0000000000000001 (is_user=0x0000000000000001)
[Syscall] read returned 0x0000000000000001 byte(s)
[SYSCALL] num=0x000000000000012F arg1=0x0000000000000000 arg2=0x00006FFFFFFFF7CE arg3=0x0000000000000001
S[SYSCALL] num=0x000000000000012E arg1=0x0000000000000000 arg2=0x00006FFFFFFFF957 arg3=0x0000000000000001
[SCHED] Switching from thread 0x0000000000000001 (is_user=0x0000000000000001) to thread 0x0000000000000000 (is_user=0x0000000000000000)
[PS2] IRQ1 received
[PS2] scancode=0x000000000000009F
[PS2] IRQ1 received
[PS2] scancode=0x00000000000000AA
[PS2] IRQ1 received
[PS2] scancode=0x000000000000002A
[PS2] IRQ1 received
[PS2] scancode=0x0000000000000012
[PS2] ascii='E'
[Console] queued 'E'
[Console] waking blocked reader
[SCHED] Switching from thread 0x0000000000000000 (is_user=0x0000000000000000) to thread 0x0000000000000001 (is_user=0x0000000000000001)
[Syscall] read returned 0x0000000000000001 byte(s)
[SYSCALL] num=0x000000000000012F arg1=0x0000000000000000 arg2=0x00006FFFFFFFF7CE arg3=0x0000000000000001
E[SYSCALL] num=0x000000000000012E arg1=0x0000000000000000 arg2=0x00006FFFFFFFF957 arg3=0x0000000000000001
[SCHED] Switching from thread 0x0000000000000001 (is_user=0x0000000000000001) to thread 0x0000000000000000 (is_user=0x0000000000000000)
[PS2] IRQ1 received
[PS2] scancode=0x0000000000000092
[PS2] IRQ1 received
[PS2] scancode=0x00000000000000AA
[PS2] IRQ1 received
[PS2] scancode=0x000000000000002A
[PS2] IRQ1 received
[PS2] scancode=0x0000000000000013
[PS2] ascii='R'
[Console] queued 'R'
[Console] waking blocked reader
[SCHED] Switching from thread 0x0000000000000000 (is_user=0x0000000000000000) to thread 0x0000000000000001 (is_user=0x0000000000000001)
[Syscall] read returned 0x0000000000000001 byte(s)
[SYSCALL] num=0x000000000000012F arg1=0x0000000000000000 arg2=0x00006FFFFFFFF7CE arg3=0x0000000000000001
R[SYSCALL] num=0x000000000000012E arg1=0x0000000000000000 arg2=0x00006FFFFFFFF957 arg3=0x0000000000000001
[SCHED] Switching from thread 0x0000000000000001 (is_user=0x0000000000000001) to thread 0x0000000000000000 (is_user=0x0000000000000000)
[PS2] IRQ1 received
[PS2] scancode=0x0000000000000093
[PS2] IRQ1 received
[PS2] scancode=0x00000000000000AA
[PS2] IRQ1 received
[PS2] scancode=0x0000000000000028
[PS2] ascii='''
[Console] queued '''
[Console] waking blocked reader
[SCHED] Switching from thread 0x0000000000000000 (is_user=0x0000000000000000) to thread 0x0000000000000001 (is_user=0x0000000000000001)
[Syscall] read returned 0x0000000000000001 byte(s)
[SYSCALL] num=0x000000000000012F arg1=0x0000000000000000 arg2=0x00006FFFFFFFF7CE arg3=0x0000000000000001
'[SYSCALL] num=0x000000000000012E arg1=0x0000000000000000 arg2=0x00006FFFFFFFF957 arg3=0x0000000000000001
[SCHED] Switching from thread 0x0000000000000001 (is_user=0x0000000000000001) to thread 0x0000000000000000 (is_user=0x0000000000000000)
[PS2] IRQ1 received
[PS2] scancode=0x00000000000000A8
[PS2] IRQ1 received
[PS2] scancode=0x000000000000001C
[PS2] ascii='
'
[Console] queued '
'
[Console] waking blocked reader
[SCHED] Switching from thread 0x0000000000000000 (is_user=0x0000000000000000) to thread 0x0000000000000001 (is_user=0x0000000000000001)
[Syscall] read returned 0x0000000000000001 byte(s)
[SYSCALL] num=0x000000000000012F arg1=0x0000000000000000 arg2=0x000000000040B5C5 arg3=0x0000000000000001

[SYSCALL] num=0x000000000000012F arg1=0x0000000000000001 arg2=0x00000000004645A8 arg3=0x000000000000001B
This is single quote: $USER[SYSCALL] num=0x000000000000012F arg1=0x0000000000000001 arg2=0x000000000040B5C5 arg3=0x0000000000000001

[SYSCALL] num=0x000000000000012D arg1=0x0000000000000000 arg2=0x0000000000000000 arg3=0x0000000000000000
[SYSCALL] num=0x000000000000012C arg1=0x000000000040B002 arg2=0x0000000000000000 arg3=0x0000000000000000
  VFS: open called for /dev/console
  VFS: relative_path: console
  DevFS: open path='console'
  DevFS: path hex: 0x0000000000000063 0x000000000000006F 0x000000000000006E 0x0000000000000073 0x000000000000006F 0x000000000000006C 0x0000000000000065
  DevFS: matched console!
  Heap: kmalloc size=0x0000000000000010 pages=0x0000000000000001 ptr=0x0000000000396010
  VFS: register_file fd=0x0000000000000000
[SYSCALL] num=0x000000000000012D arg1=0x0000000000000001 arg2=0x0000000000000000 arg3=0x0000000000000000
[SYSCALL] num=0x000000000000012C arg1=0x000000000040B002 arg2=0x0000000000000000 arg3=0x0000000000000000
  VFS: open called for /dev/console
  VFS: relative_path: console
  DevFS: open path='console'
  DevFS: path hex: 0x0000000000000063 0x000000000000006F 0x000000000000006E 0x0000000000000073 0x000000000000006F 0x000000000000006C 0x0000000000000065
  DevFS: matched console!
  Heap: kmalloc size=0x0000000000000010 pages=0x0000000000000001 ptr=0x0000000000397010
  VFS: register_file fd=0x0000000000000001
[SYSCALL] num=0x000000000000012F arg1=0x0000000000000000 arg2=0x00006FFFFFFFF9A8 arg3=0x000000000000000F
[acos@acos /]$ [SYSCALL] num=0x000000000000012E arg1=0x0000000000000000 arg2=0x00006FFFFFFFF957 arg3=0x0000000000000001
[SCHED] Switching from thread 0x0000000000000001 (is_user=0x0000000000000001) to thread 0x0000000000000000 (is_user=0x0000000000000000)
[PS2] IRQ1 received
[PS2] scancode=0x000000000000009C
[PS2] IRQ1 received
[PS2] scancode=0x000000000000001F
[PS2] ascii='s'
[Console] queued 's'
[Console] waking blocked reader
[SCHED] Switching from thread 0x0000000000000000 (is_user=0x0000000000000000) to thread 0x0000000000000001 (is_user=0x0000000000000001)
[Syscall] read returned 0x0000000000000001 byte(s)
[SYSCALL] num=0x000000000000012F arg1=0x0000000000000000 arg2=0x00006FFFFFFFF7CE arg3=0x0000000000000001
s[SYSCALL] num=0x000000000000012E arg1=0x0000000000000000 arg2=0x00006FFFFFFFF957 arg3=0x0000000000000001
[SCHED] Switching from thread 0x0000000000000001 (is_user=0x0000000000000001) to thread 0x0000000000000000 (is_user=0x0000000000000000)
[PS2] IRQ1 received
[PS2] scancode=0x000000000000009F
[PS2] IRQ1 received
[PS2] scancode=0x0000000000000014
[PS2] ascii='t'
[Console] queued 't'
[Console] waking blocked reader
[SCHED] Switching from thread 0x0000000000000000 (is_user=0x0000000000000000) to thread 0x0000000000000001 (is_user=0x0000000000000001)
[Syscall] read returned 0x0000000000000001 byte(s)
[SYSCALL] num=0x000000000000012F arg1=0x0000000000000000 arg2=0x00006FFFFFFFF7CE arg3=0x0000000000000001
t[SYSCALL] num=0x000000000000012E arg1=0x0000000000000000 arg2=0x00006FFFFFFFF957 arg3=0x0000000000000001
[SCHED] Switching from thread 0x0000000000000001 (is_user=0x0000000000000001) to thread 0x0000000000000000 (is_user=0x0000000000000000)
[PS2] IRQ1 received
[PS2] scancode=0x0000000000000094
[PS2] IRQ1 received
[PS2] scancode=0x000000000000001E
[PS2] ascii='a'
[Console] queued 'a'
[Console] waking blocked reader
[SCHED] Switching from thread 0x0000000000000000 (is_user=0x0000000000000000) to thread 0x0000000000000001 (is_user=0x0000000000000001)
[Syscall] read returned 0x0000000000000001 byte(s)
[SYSCALL] num=0x000000000000012F arg1=0x0000000000000000 arg2=0x00006FFFFFFFF7CE arg3=0x0000000000000001
a[SYSCALL] num=0x000000000000012E arg1=0x0000000000000000 arg2=0x00006FFFFFFFF957 arg3=0x0000000000000001
[SCHED] Switching from thread 0x0000000000000001 (is_user=0x0000000000000001) to thread 0x0000000000000000 (is_user=0x0000000000000000)
[PS2] IRQ1 received
[PS2] scancode=0x000000000000009E
[PS2] IRQ1 received
[PS2] scancode=0x0000000000000014
[PS2] ascii='t'
[Console] queued 't'
[Console] waking blocked reader
[SCHED] Switching from thread 0x0000000000000000 (is_user=0x0000000000000000) to thread 0x0000000000000001 (is_user=0x0000000000000001)
[Syscall] read returned 0x0000000000000001 byte(s)
[SYSCALL] num=0x000000000000012F arg1=0x0000000000000000 arg2=0x00006FFFFFFFF7CE arg3=0x0000000000000001
t[SYSCALL] num=0x000000000000012E arg1=0x0000000000000000 arg2=0x00006FFFFFFFF957 arg3=0x0000000000000001
[SCHED] Switching from thread 0x0000000000000001 (is_user=0x0000000000000001) to thread 0x0000000000000000 (is_user=0x0000000000000000)
[PS2] IRQ1 received
[PS2] scancode=0x0000000000000094
[PS2] IRQ1 received
[PS2] scancode=0x0000000000000039
[PS2] ascii=' '
[Console] queued ' '
[Console] waking blocked reader
[SCHED] Switching from thread 0x0000000000000000 (is_user=0x0000000000000000) to thread 0x0000000000000001 (is_user=0x0000000000000001)
[Syscall] read returned 0x0000000000000001 byte(s)
[SYSCALL] num=0x000000000000012F arg1=0x0000000000000000 arg2=0x00006FFFFFFFF7CE arg3=0x0000000000000001
 [SYSCALL] num=0x000000000000012E arg1=0x0000000000000000 arg2=0x00006FFFFFFFF957 arg3=0x0000000000000001
[SCHED] Switching from thread 0x0000000000000001 (is_user=0x0000000000000001) to thread 0x0000000000000000 (is_user=0x0000000000000000)
[PS2] IRQ1 received
[PS2] scancode=0x00000000000000B9
[PS2] IRQ1 received
[PS2] scancode=0x000000000000002A
[PS2] IRQ1 received
[PS2] scancode=0x0000000000000013
[PS2] ascii='R'
[Console] queued 'R'
[Console] waking blocked reader
[SCHED] Switching from thread 0x0000000000000000 (is_user=0x0000000000000000) to thread 0x0000000000000001 (is_user=0x0000000000000001)
[Syscall] read returned 0x0000000000000001 byte(s)
[SYSCALL] num=0x000000000000012F arg1=0x0000000000000000 arg2=0x00006FFFFFFFF7CE arg3=0x0000000000000001
R[SYSCALL] num=0x000000000000012E arg1=0x0000000000000000 arg2=0x00006FFFFFFFF957 arg3=0x0000000000000001
[SCHED] Switching from thread 0x0000000000000001 (is_user=0x0000000000000001) to thread 0x0000000000000000 (is_user=0x0000000000000000)
[PS2] IRQ1 received
[PS2] scancode=0x0000000000000093
[PS2] IRQ1 received
[PS2] scancode=0x00000000000000AA
[PS2] IRQ1 received
[PS2] scancode=0x000000000000002A
[PS2] IRQ1 received
[PS2] scancode=0x0000000000000012
[PS2] ascii='E'
[Console] queued 'E'
[Console] waking blocked reader
[SCHED] Switching from thread 0x0000000000000000 (is_user=0x0000000000000000) to thread 0x0000000000000001 (is_user=0x0000000000000001)
[Syscall] read returned 0x0000000000000001 byte(s)
[SYSCALL] num=0x000000000000012F arg1=0x0000000000000000 arg2=0x00006FFFFFFFF7CE arg3=0x0000000000000001
E[SYSCALL] num=0x000000000000012E arg1=0x0000000000000000 arg2=0x00006FFFFFFFF957 arg3=0x0000000000000001
[SCHED] Switching from thread 0x0000000000000001 (is_user=0x0000000000000001) to thread 0x0000000000000000 (is_user=0x0000000000000000)
[PS2] IRQ1 received
[PS2] scancode=0x0000000000000092
[PS2] IRQ1 received
[PS2] scancode=0x00000000000000AA
[PS2] IRQ1 received
[PS2] scancode=0x000000000000002A
[PS2] IRQ1 received
[PS2] scancode=0x000000000000001E
[PS2] ascii='A'
[Console] queued 'A'
[Console] waking blocked reader
[SCHED] Switching from thread 0x0000000000000000 (is_user=0x0000000000000000) to thread 0x0000000000000001 (is_user=0x0000000000000001)
[Syscall] read returned 0x0000000000000001 byte(s)
[SYSCALL] num=0x000000000000012F arg1=0x0000000000000000 arg2=0x00006FFFFFFFF7CE arg3=0x0000000000000001
A[SYSCALL] num=0x000000000000012E arg1=0x0000000000000000 arg2=0x00006FFFFFFFF957 arg3=0x0000000000000001
[SCHED] Switching from thread 0x0000000000000001 (is_user=0x0000000000000001) to thread 0x0000000000000000 (is_user=0x0000000000000000)
[PS2] IRQ1 received
[PS2] scancode=0x000000000000009E
[PS2] IRQ1 received
[PS2] scancode=0x00000000000000AA
[PS2] IRQ1 received
[PS2] scancode=0x000000000000002A
[PS2] IRQ1 received
[PS2] scancode=0x0000000000000020
[PS2] ascii='D'
[Console] queued 'D'
[Console] waking blocked reader
[SCHED] Switching from thread 0x0000000000000000 (is_user=0x0000000000000000) to thread 0x0000000000000001 (is_user=0x0000000000000001)
[Syscall] read returned 0x0000000000000001 byte(s)
[SYSCALL] num=0x000000000000012F arg1=0x0000000000000000 arg2=0x00006FFFFFFFF7CE arg3=0x0000000000000001
D[SYSCALL] num=0x000000000000012E arg1=0x0000000000000000 arg2=0x00006FFFFFFFF957 arg3=0x0000000000000001
[SCHED] Switching from thread 0x0000000000000001 (is_user=0x0000000000000001) to thread 0x0000000000000000 (is_user=0x0000000000000000)
[PS2] IRQ1 received
[PS2] scancode=0x00000000000000A0
[PS2] IRQ1 received
[PS2] scancode=0x00000000000000AA
[PS2] IRQ1 received
[PS2] scancode=0x000000000000002A
[PS2] IRQ1 received
[PS2] scancode=0x0000000000000032
[PS2] ascii='M'
[Console] queued 'M'
[Console] waking blocked reader
[SCHED] Switching from thread 0x0000000000000000 (is_user=0x0000000000000000) to thread 0x0000000000000001 (is_user=0x0000000000000001)
[Syscall] read returned 0x0000000000000001 byte(s)
[SYSCALL] num=0x000000000000012F arg1=0x0000000000000000 arg2=0x00006FFFFFFFF7CE arg3=0x0000000000000001
M[SYSCALL] num=0x000000000000012E arg1=0x0000000000000000 arg2=0x00006FFFFFFFF957 arg3=0x0000000000000001
[SCHED] Switching from thread 0x0000000000000001 (is_user=0x0000000000000001) to thread 0x0000000000000000 (is_user=0x0000000000000000)
[PS2] IRQ1 received
[PS2] scancode=0x00000000000000B2
[PS2] IRQ1 received
[PS2] scancode=0x00000000000000AA
[PS2] IRQ1 received
[PS2] scancode=0x000000000000002A
[PS2] IRQ1 received
[PS2] scancode=0x0000000000000012
[PS2] ascii='E'
[Console] queued 'E'
[Console] waking blocked reader
[SCHED] Switching from thread 0x0000000000000000 (is_user=0x0000000000000000) to thread 0x0000000000000001 (is_user=0x0000000000000001)
[Syscall] read returned 0x0000000000000001 byte(s)
[SYSCALL] num=0x000000000000012F arg1=0x0000000000000000 arg2=0x00006FFFFFFFF7CE arg3=0x0000000000000001
E[SYSCALL] num=0x000000000000012E arg1=0x0000000000000000 arg2=0x00006FFFFFFFF957 arg3=0x0000000000000001
[SCHED] Switching from thread 0x0000000000000001 (is_user=0x0000000000000001) to thread 0x0000000000000000 (is_user=0x0000000000000000)
[PS2] IRQ1 received
[PS2] scancode=0x0000000000000092
[PS2] IRQ1 received
[PS2] scancode=0x00000000000000AA
[PS2] IRQ1 received
[PS2] scancode=0x0000000000000034
[PS2] ascii='.'
[Console] queued '.'
[Console] waking blocked reader
[SCHED] Switching from thread 0x0000000000000000 (is_user=0x0000000000000000) to thread 0x0000000000000001 (is_user=0x0000000000000001)
[Syscall] read returned 0x0000000000000001 byte(s)
[SYSCALL] num=0x000000000000012F arg1=0x0000000000000000 arg2=0x00006FFFFFFFF7CE arg3=0x0000000000000001
.[SYSCALL] num=0x000000000000012E arg1=0x0000000000000000 arg2=0x00006FFFFFFFF957 arg3=0x0000000000000001
[SCHED] Switching from thread 0x0000000000000001 (is_user=0x0000000000000001) to thread 0x0000000000000000 (is_user=0x0000000000000000)
[PS2] IRQ1 received
[PS2] scancode=0x00000000000000B4
[PS2] IRQ1 received
[PS2] scancode=0x000000000000002A
[PS2] IRQ1 received
[PS2] scancode=0x0000000000000014
[PS2] ascii='T'
[Console] queued 'T'
[Console] waking blocked reader
[SCHED] Switching from thread 0x0000000000000000 (is_user=0x0000000000000000) to thread 0x0000000000000001 (is_user=0x0000000000000001)
[Syscall] read returned 0x0000000000000001 byte(s)
[SYSCALL] num=0x000000000000012F arg1=0x0000000000000000 arg2=0x00006FFFFFFFF7CE arg3=0x0000000000000001
T[SYSCALL] num=0x000000000000012E arg1=0x0000000000000000 arg2=0x00006FFFFFFFF957 arg3=0x0000000000000001
[SCHED] Switching from thread 0x0000000000000001 (is_user=0x0000000000000001) to thread 0x0000000000000000 (is_user=0x0000000000000000)
[PS2] IRQ1 received
[PS2] scancode=0x0000000000000094
[PS2] IRQ1 received
[PS2] scancode=0x00000000000000AA
[PS2] IRQ1 received
[PS2] scancode=0x000000000000002A
[PS2] IRQ1 received
[PS2] scancode=0x000000000000002D
[PS2] ascii='X'
[Console] queued 'X'
[Console] waking blocked reader
[SCHED] Switching from thread 0x0000000000000000 (is_user=0x0000000000000000) to thread 0x0000000000000001 (is_user=0x0000000000000001)
[Syscall] read returned 0x0000000000000001 byte(s)
[SYSCALL] num=0x000000000000012F arg1=0x0000000000000000 arg2=0x00006FFFFFFFF7CE arg3=0x0000000000000001
X[SYSCALL] num=0x000000000000012E arg1=0x0000000000000000 arg2=0x00006FFFFFFFF957 arg3=0x0000000000000001
[SCHED] Switching from thread 0x0000000000000001 (is_user=0x0000000000000001) to thread 0x0000000000000000 (is_user=0x0000000000000000)
[PS2] IRQ1 received
[PS2] scancode=0x00000000000000AD
[PS2] IRQ1 received
[PS2] scancode=0x00000000000000AA
[PS2] IRQ1 received
[PS2] scancode=0x000000000000002A
[PS2] IRQ1 received
[PS2] scancode=0x0000000000000014
[PS2] ascii='T'
[Console] queued 'T'
[Console] waking blocked reader
[SCHED] Switching from thread 0x0000000000000000 (is_user=0x0000000000000000) to thread 0x0000000000000001 (is_user=0x0000000000000001)
[Syscall] read returned 0x0000000000000001 byte(s)
[SYSCALL] num=0x000000000000012F arg1=0x0000000000000000 arg2=0x00006FFFFFFFF7CE arg3=0x0000000000000001
T[SYSCALL] num=0x000000000000012E arg1=0x0000000000000000 arg2=0x00006FFFFFFFF957 arg3=0x0000000000000001
[SCHED] Switching from thread 0x0000000000000001 (is_user=0x0000000000000001) to thread 0x0000000000000000 (is_user=0x0000000000000000)
[PS2] IRQ1 received
[PS2] scancode=0x0000000000000094
[PS2] IRQ1 received
[PS2] scancode=0x00000000000000AA
[PS2] IRQ1 received
[PS2] scancode=0x000000000000001C
[PS2] ascii='
'
[Console] queued '
'
[Console] waking blocked reader
[SCHED] Switching from thread 0x0000000000000000 (is_user=0x0000000000000000) to thread 0x0000000000000001 (is_user=0x0000000000000001)
[Syscall] read returned 0x0000000000000001 byte(s)
[SYSCALL] num=0x000000000000012F arg1=0x0000000000000000 arg2=0x000000000040B5C5 arg3=0x0000000000000001

[SYSCALL] num=0x0000000000000015 arg1=0x00006FFFFFFFF158 arg2=0x0000000000000000 arg3=0x0000000000000000
[SYSCALL] num=0x000000000000012F arg1=0x0000000000000001 arg2=0x000000000040B4F2 arg3=0x0000000000000008
  File: [SYSCALL] num=0x000000000000012F arg1=0x0000000000000001 arg2=0x00000000004645D0 arg3=0x000000000000000A
README.TXT[SYSCALL] num=0x000000000000012F arg1=0x0000000000000001 arg2=0x000000000040B4FB arg3=0x0000000000000009

  Type: [SYSCALL] num=0x000000000000012F arg1=0x0000000000000001 arg2=0x000000000040B51E arg3=0x000000000000000F
Device / Other
[SYSCALL] num=0x000000000000012D arg1=0x0000000000000000 arg2=0x0000000000000000 arg3=0x0000000000000000
[SYSCALL] num=0x000000000000012C arg1=0x000000000040B002 arg2=0x0000000000000000 arg3=0x0000000000000000
  VFS: open called for /dev/console
  VFS: relative_path: console
  DevFS: open path='console'
  DevFS: path hex: 0x0000000000000063 0x000000000000006F 0x000000000000006E 0x0000000000000073 0x000000000000006F 0x000000000000006C 0x0000000000000065
  DevFS: matched console!
  Heap: kmalloc size=0x0000000000000010 pages=0x0000000000000001 ptr=0x0000000000398010
  VFS: register_file fd=0x0000000000000000
[SYSCALL] num=0x000000000000012D arg1=0x0000000000000001 arg2=0x0000000000000000 arg3=0x0000000000000000
[SYSCALL] num=0x000000000000012C arg1=0x000000000040B002 arg2=0x0000000000000000 arg3=0x0000000000000000
  VFS: open called for /dev/console
  VFS: relative_path: console
  DevFS: open path='console'
  DevFS: path hex: 0x0000000000000063 0x000000000000006F 0x000000000000006E 0x0000000000000073 0x000000000000006F 0x000000000000006C 0x0000000000000065
  DevFS: matched console!
  Heap: kmalloc size=0x0000000000000010 pages=0x0000000000000001 ptr=0x0000000000399010
  VFS: register_file fd=0x0000000000000001
[SYSCALL] num=0x000000000000012F arg1=0x0000000000000000 arg2=0x00006FFFFFFFF9A8 arg3=0x000000000000000F
[acos@acos /]$ [SYSCALL] num=0x000000000000012E arg1=0x0000000000000000 arg2=0x00006FFFFFFFF957 arg3=0x0000000000000001
[SCHED] Switching from thread 0x0000000000000001 (is_user=0x0000000000000001) to thread 0x0000000000000000 (is_user=0x0000000000000000)
[PS2] IRQ1 received
[PS2] scancode=0x000000000000009C
[PS2] IRQ1 received
[PS2] scancode=0x0000000000000014
[PS2] ascii='t'
[Console] queued 't'
[Console] waking blocked reader
[SCHED] Switching from thread 0x0000000000000000 (is_user=0x0000000000000000) to thread 0x0000000000000001 (is_user=0x0000000000000001)
[Syscall] read returned 0x0000000000000001 byte(s)
[SYSCALL] num=0x000000000000012F arg1=0x0000000000000000 arg2=0x00006FFFFFFFF7CE arg3=0x0000000000000001
t[SYSCALL] num=0x000000000000012E arg1=0x0000000000000000 arg2=0x00006FFFFFFFF957 arg3=0x0000000000000001
[SCHED] Switching from thread 0x0000000000000001 (is_user=0x0000000000000001) to thread 0x0000000000000000 (is_user=0x0000000000000000)
[PS2] IRQ1 received
[PS2] scancode=0x0000000000000094
[PS2] IRQ1 received
[PS2] scancode=0x0000000000000013
[PS2] ascii='r'
[Console] queued 'r'
[Console] waking blocked reader
[SCHED] Switching from thread 0x0000000000000000 (is_user=0x0000000000000000) to thread 0x0000000000000001 (is_user=0x0000000000000001)
[Syscall] read returned 0x0000000000000001 byte(s)
[SYSCALL] num=0x000000000000012F arg1=0x0000000000000000 arg2=0x00006FFFFFFFF7CE arg3=0x0000000000000001
r[SYSCALL] num=0x000000000000012E arg1=0x0000000000000000 arg2=0x00006FFFFFFFF957 arg3=0x0000000000000001
[SCHED] Switching from thread 0x0000000000000001 (is_user=0x0000000000000001) to thread 0x0000000000000000 (is_user=0x0000000000000000)
[PS2] IRQ1 received
[PS2] scancode=0x0000000000000093
[PS2] IRQ1 received
[PS2] scancode=0x0000000000000012
[PS2] ascii='e'
[Console] queued 'e'
[Console] waking blocked reader
[SCHED] Switching from thread 0x0000000000000000 (is_user=0x0000000000000000) to thread 0x0000000000000001 (is_user=0x0000000000000001)
[Syscall] read returned 0x0000000000000001 byte(s)
[SYSCALL] num=0x000000000000012F arg1=0x0000000000000000 arg2=0x00006FFFFFFFF7CE arg3=0x0000000000000001
e[SYSCALL] num=0x000000000000012E arg1=0x0000000000000000 arg2=0x00006FFFFFFFF957 arg3=0x0000000000000001
[SCHED] Switching from thread 0x0000000000000001 (is_user=0x0000000000000001) to thread 0x0000000000000000 (is_user=0x0000000000000000)
[PS2] IRQ1 received
[PS2] scancode=0x0000000000000092
[PS2] IRQ1 received
[PS2] scancode=0x0000000000000012
[PS2] ascii='e'
[Console] queued 'e'
[Console] waking blocked reader
[SCHED] Switching from thread 0x0000000000000000 (is_user=0x0000000000000000) to thread 0x0000000000000001 (is_user=0x0000000000000001)
[Syscall] read returned 0x0000000000000001 byte(s)
[SYSCALL] num=0x000000000000012F arg1=0x0000000000000000 arg2=0x00006FFFFFFFF7CE arg3=0x0000000000000001
e[SYSCALL] num=0x000000000000012E arg1=0x0000000000000000 arg2=0x00006FFFFFFFF957 arg3=0x0000000000000001
[SCHED] Switching from thread 0x0000000000000001 (is_user=0x0000000000000001) to thread 0x0000000000000000 (is_user=0x0000000000000000)
[PS2] IRQ1 received
[PS2] scancode=0x0000000000000092
[PS2] IRQ1 received
[PS2] scancode=0x0000000000000039
[PS2] ascii=' '
[Console] queued ' '
[Console] waking blocked reader
[SCHED] Switching from thread 0x0000000000000000 (is_user=0x0000000000000000) to thread 0x0000000000000001 (is_user=0x0000000000000001)
[Syscall] read returned 0x0000000000000001 byte(s)
[SYSCALL] num=0x000000000000012F arg1=0x0000000000000000 arg2=0x00006FFFFFFFF7CE arg3=0x0000000000000001
 [SYSCALL] num=0x000000000000012E arg1=0x0000000000000000 arg2=0x00006FFFFFFFF957 arg3=0x0000000000000001
[SCHED] Switching from thread 0x0000000000000001 (is_user=0x0000000000000001) to thread 0x0000000000000000 (is_user=0x0000000000000000)
[PS2] IRQ1 received
[PS2] scancode=0x00000000000000B9
[PS2] IRQ1 received
[PS2] scancode=0x0000000000000035
[PS2] ascii='/'
[Console] queued '/'
[Console] waking blocked reader
[SCHED] Switching from thread 0x0000000000000000 (is_user=0x0000000000000000) to thread 0x0000000000000001 (is_user=0x0000000000000001)
[Syscall] read returned 0x0000000000000001 byte(s)
[SYSCALL] num=0x000000000000012F arg1=0x0000000000000000 arg2=0x00006FFFFFFFF7CE arg3=0x0000000000000001
/[SYSCALL] num=0x000000000000012E arg1=0x0000000000000000 arg2=0x00006FFFFFFFF957 arg3=0x0000000000000001
[SCHED] Switching from thread 0x0000000000000001 (is_user=0x0000000000000001) to thread 0x0000000000000000 (is_user=0x0000000000000000)
[PS2] IRQ1 received
[PS2] scancode=0x00000000000000B5
[PS2] IRQ1 received
[PS2] scancode=0x000000000000001C
[PS2] ascii='
'
[Console] queued '
'
[Console] waking blocked reader
[SCHED] Switching from thread 0x0000000000000000 (is_user=0x0000000000000000) to thread 0x0000000000000001 (is_user=0x0000000000000001)
[Syscall] read returned 0x0000000000000001 byte(s)
[SYSCALL] num=0x000000000000012F arg1=0x0000000000000000 arg2=0x000000000040B5C5 arg3=0x0000000000000001

[SYSCALL] num=0x000000000000012F arg1=0x0000000000000001 arg2=0x00006FFFFFFFF158 arg3=0x0000000000000001
/[SYSCALL] num=0x000000000000012F arg1=0x0000000000000001 arg2=0x000000000040B5C5 arg3=0x0000000000000001

[SYSCALL] num=0x0000000000000131 arg1=0x00006FFFFFFFF158 arg2=0x0000000000447010 arg3=0x0000000000000020
[SYSCALL] num=0x000000000000012F arg1=0x0000000000000001 arg2=0x000000000040B533 arg3=0x0000000000000004
|-- [SYSCALL] num=0x000000000000012F arg1=0x0000000000000001 arg2=0x000000000040B383 arg3=0x0000000000000007
[1;34m[SYSCALL] num=0x000000000000012F arg1=0x0000000000000001 arg2=0x0000000000447010 arg3=0x0000000000000003
EFI[SYSCALL] num=0x000000000000012F arg1=0x0000000000000001 arg2=0x000000000040B538 arg3=0x0000000000000006
/[0m
[SYSCALL] num=0x0000000000000131 arg1=0x00006FFFFFFFED28 arg2=0x0000000000447010 arg3=0x0000000000000020
FAT32: component='EFI'
[SYSCALL] num=0x000000000000012F arg1=0x0000000000000001 arg2=0x000000000040B52E arg3=0x0000000000000004
|   [SYSCALL] num=0x000000000000012F arg1=0x0000000000000001 arg2=0x000000000040B533 arg3=0x0000000000000004
|-- [SYSCALL] num=0x000000000000012F arg1=0x0000000000000001 arg2=0x0000000000447120 arg3=0x0000000000000000
[SYSCALL] num=0x000000000000012F arg1=0x0000000000000001 arg2=0x000000000040B5C5 arg3=0x0000000000000001

[SYSCALL] num=0x000000000000012F arg1=0x0000000000000001 arg2=0x000000000040B52E arg3=0x0000000000000004
|   [SYSCALL] num=0x000000000000012F arg1=0x0000000000000001 arg2=0x000000000040B533 arg3=0x0000000000000004
|-- [SYSCALL] num=0x000000000000012F arg1=0x0000000000000001 arg2=0x0000000000447230 arg3=0x0000000000000000
[SYSCALL] num=0x000000000000012F arg1=0x0000000000000001 arg2=0x000000000040B5C5 arg3=0x0000000000000001

[SYSCALL] num=0x000000000000012F arg1=0x0000000000000001 arg2=0x000000000040B533 arg3=0x0000000000000004
|-- [SYSCALL] num=0x000000000000012F arg1=0x0000000000000001 arg2=0x0000000000447120 arg3=0x0000000000000000
[SYSCALL] num=0x000000000000012F arg1=0x0000000000000001 arg2=0x000000000040B5C5 arg3=0x0000000000000001

[SYSCALL] num=0x000000000000012F arg1=0x0000000000000001 arg2=0x000000000040B533 arg3=0x0000000000000004
|-- [PS2] IRQ1 received
[PS2] scancode=0x000000000000009C
[SYSCALL] num=0x000000000000012F arg1=0x0000000000000001 arg2=0x0000000000447230 arg3=0x0000000000000000
[SYSCALL] num=0x000000000000012F arg1=0x0000000000000001 arg2=0x000000000040B5C5 arg3=0x0000000000000001

[SYSCALL] num=0x000000000000012F arg1=0x0000000000000001 arg2=0x000000000040B533 arg3=0x0000000000000004
|-- [SYSCALL] num=0x000000000000012F arg1=0x0000000000000001 arg2=0x0000000000447340 arg3=0x0000000000000001
[SYSCALL] num=0x000000000000012F arg1=0x0000000000000001 arg2=0x000000000040B5C5 arg3=0x0000000000000001

[SYSCALL] num=0x000000000000012D arg1=0x0000000000000000 arg2=0x0000000000000000 arg3=0x0000000000000000
[SYSCALL] num=0x000000000000012C arg1=0x000000000040B002 arg2=0x0000000000000000 arg3=0x0000000000000000
  VFS: open called for /dev/console
  VFS: relative_path: console
  DevFS: open path='console'
  DevFS: path hex: 0x0000000000000063 0x000000000000006F 0x000000000000006E 0x0000000000000073 0x000000000000006F 0x000000000000006C 0x0000000000000065
  DevFS: matched console!
  Heap: kmalloc size=0x0000000000000010 pages=0x0000000000000001 ptr=0x000000000039A010
  VFS: register_file fd=0x0000000000000000
[SYSCALL] num=0x000000000000012D arg1=0x0000000000000001 arg2=0x0000000000000000 arg3=0x0000000000000000
[SYSCALL] num=0x000000000000012C arg1=0x000000000040B002 arg2=0x0000000000000000 arg3=0x0000000000000000
  VFS: open called for /dev/console
  VFS: relative_path: console
  DevFS: open path='console'
  DevFS: path hex: 0x0000000000000063 0x000000000000006F 0x000000000000006E 0x0000000000000073 0x000000000000006F 0x000000000000006C 0x0000000000000065
  DevFS: matched console!
  Heap: kmalloc size=0x0000000000000010 pages=0x0000000000000001 ptr=0x000000000039B010
  VFS: register_file fd=0x0000000000000001
[SYSCALL] num=0x000000000000012F arg1=0x0000000000000000 arg2=0x00006FFFFFFFF9A8 arg3=0x000000000000000F
[acos@acos /]$ [SYSCALL] num=0x000000000000012E arg1=0x0000000000000000 arg2=0x00006FFFFFFFF957 arg3=0x0000000000000001
[SCHED] Switching from thread 0x0000000000000001 (is_user=0x0000000000000001) to thread 0x0000000000000000 (is_user=0x0000000000000000)
[PS2] IRQ1 received
[PS2] scancode=0x0000000000000021
[PS2] ascii='f'
[Console] queued 'f'
[Console] waking blocked reader
[SCHED] Switching from thread 0x0000000000000000 (is_user=0x0000000000000000) to thread 0x0000000000000001 (is_user=0x0000000000000001)
[Syscall] read returned 0x0000000000000001 byte(s)
[SYSCALL] num=0x000000000000012F arg1=0x0000000000000000 arg2=0x00006FFFFFFFF7CE arg3=0x0000000000000001
f[SYSCALL] num=0x000000000000012E arg1=0x0000000000000000 arg2=0x00006FFFFFFFF957 arg3=0x0000000000000001
[SCHED] Switching from thread 0x0000000000000001 (is_user=0x0000000000000001) to thread 0x0000000000000000 (is_user=0x0000000000000000)
[PS2] IRQ1 received
[PS2] scancode=0x00000000000000A1
[PS2] IRQ1 received
[PS2] scancode=0x0000000000000017
[PS2] ascii='i'
[Console] queued 'i'
[Console] waking blocked reader
[SCHED] Switching from thread 0x0000000000000000 (is_user=0x0000000000000000) to thread 0x0000000000000001 (is_user=0x0000000000000001)
[Syscall] read returned 0x0000000000000001 byte(s)
[SYSCALL] num=0x000000000000012F arg1=0x0000000000000000 arg2=0x00006FFFFFFFF7CE arg3=0x0000000000000001
i[SYSCALL] num=0x000000000000012E arg1=0x0000000000000000 arg2=0x00006FFFFFFFF957 arg3=0x0000000000000001
[SCHED] Switching from thread 0x0000000000000001 (is_user=0x0000000000000001) to thread 0x0000000000000000 (is_user=0x0000000000000000)
[PS2] IRQ1 received
[PS2] scancode=0x0000000000000097
[PS2] IRQ1 received
[PS2] scancode=0x0000000000000031
[PS2] ascii='n'
[Console] queued 'n'
[Console] waking blocked reader
[SCHED] Switching from thread 0x0000000000000000 (is_user=0x0000000000000000) to thread 0x0000000000000001 (is_user=0x0000000000000001)
[Syscall] read returned 0x0000000000000001 byte(s)
[SYSCALL] num=0x000000000000012F arg1=0x0000000000000000 arg2=0x00006FFFFFFFF7CE arg3=0x0000000000000001
n[SYSCALL] num=0x000000000000012E arg1=0x0000000000000000 arg2=0x00006FFFFFFFF957 arg3=0x0000000000000001
[SCHED] Switching from thread 0x0000000000000001 (is_user=0x0000000000000001) to thread 0x0000000000000000 (is_user=0x0000000000000000)
[PS2] IRQ1 received
[PS2] scancode=0x00000000000000B1
[PS2] IRQ1 received
[PS2] scancode=0x0000000000000020
[PS2] ascii='d'
[Console] queued 'd'
[Console] waking blocked reader
[SCHED] Switching from thread 0x0000000000000000 (is_user=0x0000000000000000) to thread 0x0000000000000001 (is_user=0x0000000000000001)
[Syscall] read returned 0x0000000000000001 byte(s)
[SYSCALL] num=0x000000000000012F arg1=0x0000000000000000 arg2=0x00006FFFFFFFF7CE arg3=0x0000000000000001
d[SYSCALL] num=0x000000000000012E arg1=0x0000000000000000 arg2=0x00006FFFFFFFF957 arg3=0x0000000000000001
[SCHED] Switching from thread 0x0000000000000001 (is_user=0x0000000000000001) to thread 0x0000000000000000 (is_user=0x0000000000000000)
[PS2] IRQ1 received
[PS2] scancode=0x00000000000000A0
[PS2] IRQ1 received
[PS2] scancode=0x0000000000000039
[PS2] ascii=' '
[Console] queued ' '
[Console] waking blocked reader
[SCHED] Switching from thread 0x0000000000000000 (is_user=0x0000000000000000) to thread 0x0000000000000001 (is_user=0x0000000000000001)
[Syscall] read returned 0x0000000000000001 byte(s)
[SYSCALL] num=0x000000000000012F arg1=0x0000000000000000 arg2=0x00006FFFFFFFF7CE arg3=0x0000000000000001
 [SYSCALL] num=0x000000000000012E arg1=0x0000000000000000 arg2=0x00006FFFFFFFF957 arg3=0x0000000000000001
[SCHED] Switching from thread 0x0000000000000001 (is_user=0x0000000000000001) to thread 0x0000000000000000 (is_user=0x0000000000000000)
[PS2] IRQ1 received
[PS2] scancode=0x00000000000000B9
[PS2] IRQ1 received
[PS2] scancode=0x0000000000000035
[PS2] ascii='/'
[Console] queued '/'
[Console] waking blocked reader
[SCHED] Switching from thread 0x0000000000000000 (is_user=0x0000000000000000) to thread 0x0000000000000001 (is_user=0x0000000000000001)
[Syscall] read returned 0x0000000000000001 byte(s)
[SYSCALL] num=0x000000000000012F arg1=0x0000000000000000 arg2=0x00006FFFFFFFF7CE arg3=0x0000000000000001
/[SYSCALL] num=0x000000000000012E arg1=0x0000000000000000 arg2=0x00006FFFFFFFF957 arg3=0x0000000000000001
[SCHED] Switching from thread 0x0000000000000001 (is_user=0x0000000000000001) to thread 0x0000000000000000 (is_user=0x0000000000000000)
[PS2] IRQ1 received
[PS2] scancode=0x00000000000000B5
[PS2] IRQ1 received
[PS2] scancode=0x0000000000000030
[PS2] ascii='b'
[Console] queued 'b'
[Console] waking blocked reader
[SCHED] Switching from thread 0x0000000000000000 (is_user=0x0000000000000000) to thread 0x0000000000000001 (is_user=0x0000000000000001)
[Syscall] read returned 0x0000000000000001 byte(s)
[SYSCALL] num=0x000000000000012F arg1=0x0000000000000000 arg2=0x00006FFFFFFFF7CE arg3=0x0000000000000001
b[SYSCALL] num=0x000000000000012E arg1=0x0000000000000000 arg2=0x00006FFFFFFFF957 arg3=0x0000000000000001
[SCHED] Switching from thread 0x0000000000000001 (is_user=0x0000000000000001) to thread 0x0000000000000000 (is_user=0x0000000000000000)
[PS2] IRQ1 received
[PS2] scancode=0x00000000000000B0
[PS2] IRQ1 received
[PS2] scancode=0x0000000000000017
[PS2] ascii='i'
[Console] queued 'i'
[Console] waking blocked reader
[SCHED] Switching from thread 0x0000000000000000 (is_user=0x0000000000000000) to thread 0x0000000000000001 (is_user=0x0000000000000001)
[Syscall] read returned 0x0000000000000001 byte(s)
[SYSCALL] num=0x000000000000012F arg1=0x0000000000000000 arg2=0x00006FFFFFFFF7CE arg3=0x0000000000000001
i[SYSCALL] num=0x000000000000012E arg1=0x0000000000000000 arg2=0x00006FFFFFFFF957 arg3=0x0000000000000001
[SCHED] Switching from thread 0x0000000000000001 (is_user=0x0000000000000001) to thread 0x0000000000000000 (is_user=0x0000000000000000)
[PS2] IRQ1 received
[PS2] scancode=0x0000000000000097
[PS2] IRQ1 received
[PS2] scancode=0x0000000000000031
[PS2] ascii='n'
[Console] queued 'n'
[Console] waking blocked reader
[SCHED] Switching from thread 0x0000000000000000 (is_user=0x0000000000000000) to thread 0x0000000000000001 (is_user=0x0000000000000001)
[Syscall] read returned 0x0000000000000001 byte(s)
[SYSCALL] num=0x000000000000012F arg1=0x0000000000000000 arg2=0x00006FFFFFFFF7CE arg3=0x0000000000000001
n[SYSCALL] num=0x000000000000012E arg1=0x0000000000000000 arg2=0x00006FFFFFFFF957 arg3=0x0000000000000001
[SCHED] Switching from thread 0x0000000000000001 (is_user=0x0000000000000001) to thread 0x0000000000000000 (is_user=0x0000000000000000)
[PS2] IRQ1 received
[PS2] scancode=0x00000000000000B1
[PS2] IRQ1 received
[PS2] scancode=0x0000000000000039
[PS2] ascii=' '
[Console] queued ' '
[Console] waking blocked reader
[SCHED] Switching from thread 0x0000000000000000 (is_user=0x0000000000000000) to thread 0x0000000000000001 (is_user=0x0000000000000001)
[Syscall] read returned 0x0000000000000001 byte(s)
[SYSCALL] num=0x000000000000012F arg1=0x0000000000000000 arg2=0x00006FFFFFFFF7CE arg3=0x0000000000000001
 [SYSCALL] num=0x000000000000012E arg1=0x0000000000000000 arg2=0x00006FFFFFFFF957 arg3=0x0000000000000001
[SCHED] Switching from thread 0x0000000000000001 (is_user=0x0000000000000001) to thread 0x0000000000000000 (is_user=0x0000000000000000)
[PS2] IRQ1 received
[PS2] scancode=0x00000000000000B9
[PS2] IRQ1 received
[PS2] scancode=0x000000000000000C
[PS2] ascii='-'
[Console] queued '-'
[Console] waking blocked reader
[SCHED] Switching from thread 0x0000000000000000 (is_user=0x0000000000000000) to thread 0x0000000000000001 (is_user=0x0000000000000001)
[Syscall] read returned 0x0000000000000001 byte(s)
[SYSCALL] num=0x000000000000012F arg1=0x0000000000000000 arg2=0x00006FFFFFFFF7CE arg3=0x0000000000000001
-[SYSCALL] num=0x000000000000012E arg1=0x0000000000000000 arg2=0x00006FFFFFFFF957 arg3=0x0000000000000001
[SCHED] Switching from thread 0x0000000000000001 (is_user=0x0000000000000001) to thread 0x0000000000000000 (is_user=0x0000000000000000)
[PS2] IRQ1 received
[PS2] scancode=0x000000000000008C
[PS2] IRQ1 received
[PS2] scancode=0x0000000000000031
[PS2] ascii='n'
[Console] queued 'n'
[Console] waking blocked reader
[SCHED] Switching from thread 0x0000000000000000 (is_user=0x0000000000000000) to thread 0x0000000000000001 (is_user=0x0000000000000001)
[Syscall] read returned 0x0000000000000001 byte(s)
[SYSCALL] num=0x000000000000012F arg1=0x0000000000000000 arg2=0x00006FFFFFFFF7CE arg3=0x0000000000000001
n[SYSCALL] num=0x000000000000012E arg1=0x0000000000000000 arg2=0x00006FFFFFFFF957 arg3=0x0000000000000001
[SCHED] Switching from thread 0x0000000000000001 (is_user=0x0000000000000001) to thread 0x0000000000000000 (is_user=0x0000000000000000)
[PS2] IRQ1 received
[PS2] scancode=0x00000000000000B1
[PS2] IRQ1 received
[PS2] scancode=0x000000000000001E
[PS2] ascii='a'
[Console] queued 'a'
[Console] waking blocked reader
[SCHED] Switching from thread 0x0000000000000000 (is_user=0x0000000000000000) to thread 0x0000000000000001 (is_user=0x0000000000000001)
[Syscall] read returned 0x0000000000000001 byte(s)
[SYSCALL] num=0x000000000000012F arg1=0x0000000000000000 arg2=0x00006FFFFFFFF7CE arg3=0x0000000000000001
a[SYSCALL] num=0x000000000000012E arg1=0x0000000000000000 arg2=0x00006FFFFFFFF957 arg3=0x0000000000000001
[SCHED] Switching from thread 0x0000000000000001 (is_user=0x0000000000000001) to thread 0x0000000000000000 (is_user=0x0000000000000000)
[PS2] IRQ1 received
[PS2] scancode=0x000000000000009E
[PS2] IRQ1 received
[PS2] scancode=0x0000000000000032
[PS2] ascii='m'
[Console] queued 'm'
[Console] waking blocked reader
[SCHED] Switching from thread 0x0000000000000000 (is_user=0x0000000000000000) to thread 0x0000000000000001 (is_user=0x0000000000000001)
[Syscall] read returned 0x0000000000000001 byte(s)
[SYSCALL] num=0x000000000000012F arg1=0x0000000000000000 arg2=0x00006FFFFFFFF7CE arg3=0x0000000000000001
m[SYSCALL] num=0x000000000000012E arg1=0x0000000000000000 arg2=0x00006FFFFFFFF957 arg3=0x0000000000000001
[SCHED] Switching from thread 0x0000000000000001 (is_user=0x0000000000000001) to thread 0x0000000000000000 (is_user=0x0000000000000000)
[PS2] IRQ1 received
[PS2] scancode=0x00000000000000B2
[PS2] IRQ1 received
[PS2] scancode=0x0000000000000012
[PS2] ascii='e'
[Console] queued 'e'
[Console] waking blocked reader
[SCHED] Switching from thread 0x0000000000000000 (is_user=0x0000000000000000) to thread 0x0000000000000001 (is_user=0x0000000000000001)
[Syscall] read returned 0x0000000000000001 byte(s)
[SYSCALL] num=0x000000000000012F arg1=0x0000000000000000 arg2=0x00006FFFFFFFF7CE arg3=0x0000000000000001
e[SYSCALL] num=0x000000000000012E arg1=0x0000000000000000 arg2=0x00006FFFFFFFF957 arg3=0x0000000000000001
[SCHED] Switching from thread 0x0000000000000001 (is_user=0x0000000000000001) to thread 0x0000000000000000 (is_user=0x0000000000000000)
[PS2] IRQ1 received
[PS2] scancode=0x0000000000000092
[PS2] IRQ1 received
[PS2] scancode=0x0000000000000039
[PS2] ascii=' '
[Console] queued ' '
[Console] waking blocked reader
[SCHED] Switching from thread 0x0000000000000000 (is_user=0x0000000000000000) to thread 0x0000000000000001 (is_user=0x0000000000000001)
[Syscall] read returned 0x0000000000000001 byte(s)
[SYSCALL] num=0x000000000000012F arg1=0x0000000000000000 arg2=0x00006FFFFFFFF7CE arg3=0x0000000000000001
 [SYSCALL] num=0x000000000000012E arg1=0x0000000000000000 arg2=0x00006FFFFFFFF957 arg3=0x0000000000000001
[SCHED] Switching from thread 0x0000000000000001 (is_user=0x0000000000000001) to thread 0x0000000000000000 (is_user=0x0000000000000000)
[PS2] IRQ1 received
[PS2] scancode=0x00000000000000B9
[PS2] IRQ1 received
[PS2] scancode=0x000000000000002E
[PS2] ascii='c'
[Console] queued 'c'
[Console] waking blocked reader
[SCHED] Switching from thread 0x0000000000000000 (is_user=0x0000000000000000) to thread 0x0000000000000001 (is_user=0x0000000000000001)
[Syscall] read returned 0x0000000000000001 byte(s)
[SYSCALL] num=0x000000000000012F arg1=0x0000000000000000 arg2=0x00006FFFFFFFF7CE arg3=0x0000000000000001
c[SYSCALL] num=0x000000000000012E arg1=0x0000000000000000 arg2=0x00006FFFFFFFF957 arg3=0x0000000000000001
[SCHED] Switching from thread 0x0000000000000001 (is_user=0x0000000000000001) to thread 0x0000000000000000 (is_user=0x0000000000000000)
[PS2] IRQ1 received
[PS2] scancode=0x00000000000000AE
[PS2] IRQ1 received
[PS2] scancode=0x0000000000000026
[PS2] ascii='l'
[Console] queued 'l'
[Console] waking blocked reader
[SCHED] Switching from thread 0x0000000000000000 (is_user=0x0000000000000000) to thread 0x0000000000000001 (is_user=0x0000000000000001)
[Syscall] read returned 0x0000000000000001 byte(s)
[SYSCALL] num=0x000000000000012F arg1=0x0000000000000000 arg2=0x00006FFFFFFFF7CE arg3=0x0000000000000001
l[SYSCALL] num=0x000000000000012E arg1=0x0000000000000000 arg2=0x00006FFFFFFFF957 arg3=0x0000000000000001
[SCHED] Switching from thread 0x0000000000000001 (is_user=0x0000000000000001) to thread 0x0000000000000000 (is_user=0x0000000000000000)
[PS2] IRQ1 received
[PS2] scancode=0x00000000000000A6
[PS2] IRQ1 received
[PS2] scancode=0x0000000000000017
[PS2] ascii='i'
[Console] queued 'i'
[Console] waking blocked reader
[SCHED] Switching from thread 0x0000000000000000 (is_user=0x0000000000000000) to thread 0x0000000000000001 (is_user=0x0000000000000001)
[Syscall] read returned 0x0000000000000001 byte(s)
[SYSCALL] num=0x000000000000012F arg1=0x0000000000000000 arg2=0x00006FFFFFFFF7CE arg3=0x0000000000000001
i[SYSCALL] num=0x000000000000012E arg1=0x0000000000000000 arg2=0x00006FFFFFFFF957 arg3=0x0000000000000001
[SCHED] Switching from thread 0x0000000000000001 (is_user=0x0000000000000001) to thread 0x0000000000000000 (is_user=0x0000000000000000)
[PS2] IRQ1 received
[PS2] scancode=0x0000000000000097
[PS2] IRQ1 received
[PS2] scancode=0x0000000000000034
[PS2] ascii='.'
[Console] queued '.'
[Console] waking blocked reader
[SCHED] Switching from thread 0x0000000000000000 (is_user=0x0000000000000000) to thread 0x0000000000000001 (is_user=0x0000000000000001)
[Syscall] read returned 0x0000000000000001 byte(s)
[SYSCALL] num=0x000000000000012F arg1=0x0000000000000000 arg2=0x00006FFFFFFFF7CE arg3=0x0000000000000001
.[SYSCALL] num=0x000000000000012E arg1=0x0000000000000000 arg2=0x00006FFFFFFFF957 arg3=0x0000000000000001
[SCHED] Switching from thread 0x0000000000000001 (is_user=0x0000000000000001) to thread 0x0000000000000000 (is_user=0x0000000000000000)
[PS2] IRQ1 received
[PS2] scancode=0x00000000000000B4
[PS2] IRQ1 received
[PS2] scancode=0x0000000000000012
[PS2] ascii='e'
[Console] queued 'e'
[Console] waking blocked reader
[SCHED] Switching from thread 0x0000000000000000 (is_user=0x0000000000000000) to thread 0x0000000000000001 (is_user=0x0000000000000001)
[Syscall] read returned 0x0000000000000001 byte(s)
[SYSCALL] num=0x000000000000012F arg1=0x0000000000000000 arg2=0x00006FFFFFFFF7CE arg3=0x0000000000000001
e[SYSCALL] num=0x000000000000012E arg1=0x0000000000000000 arg2=0x00006FFFFFFFF957 arg3=0x0000000000000001
[SCHED] Switching from thread 0x0000000000000001 (is_user=0x0000000000000001) to thread 0x0000000000000000 (is_user=0x0000000000000000)
[PS2] IRQ1 received
[PS2] scancode=0x0000000000000092
[PS2] IRQ1 received
[PS2] scancode=0x0000000000000026
[PS2] ascii='l'
[Console] queued 'l'
[Console] waking blocked reader
[SCHED] Switching from thread 0x0000000000000000 (is_user=0x0000000000000000) to thread 0x0000000000000001 (is_user=0x0000000000000001)
[Syscall] read returned 0x0000000000000001 byte(s)
[SYSCALL] num=0x000000000000012F arg1=0x0000000000000000 arg2=0x00006FFFFFFFF7CE arg3=0x0000000000000001
l[SYSCALL] num=0x000000000000012E arg1=0x0000000000000000 arg2=0x00006FFFFFFFF957 arg3=0x0000000000000001
[SCHED] Switching from thread 0x0000000000000001 (is_user=0x0000000000000001) to thread 0x0000000000000000 (is_user=0x0000000000000000)
[PS2] IRQ1 received
[PS2] scancode=0x00000000000000A6
[PS2] IRQ1 received
[PS2] scancode=0x0000000000000021
[PS2] ascii='f'
[Console] queued 'f'
[Console] waking blocked reader
[SCHED] Switching from thread 0x0000000000000000 (is_user=0x0000000000000000) to thread 0x0000000000000001 (is_user=0x0000000000000001)
[Syscall] read returned 0x0000000000000001 byte(s)
[SYSCALL] num=0x000000000000012F arg1=0x0000000000000000 arg2=0x00006FFFFFFFF7CE arg3=0x0000000000000001
f[SYSCALL] num=0x000000000000012E arg1=0x0000000000000000 arg2=0x00006FFFFFFFF957 arg3=0x0000000000000001
[SCHED] Switching from thread 0x0000000000000001 (is_user=0x0000000000000001) to thread 0x0000000000000000 (is_user=0x0000000000000000)
[PS2] IRQ1 received
[PS2] scancode=0x00000000000000A1
[PS2] IRQ1 received
[PS2] scancode=0x000000000000001C
[PS2] ascii='
'
[Console] queued '
'
[Console] waking blocked reader
[SCHED] Switching from thread 0x0000000000000000 (is_user=0x0000000000000000) to thread 0x0000000000000001 (is_user=0x0000000000000001)
[Syscall] read returned 0x0000000000000001 byte(s)
[SYSCALL] num=0x000000000000012F arg1=0x0000000000000000 arg2=0x000000000040B5C5 arg3=0x0000000000000001

[SYSCALL] num=0x0000000000000131 arg1=0x00006FFFFFFFF158 arg2=0x0000000000449210 arg3=0x0000000000000020
FAT32: component='bin'
[SYSCALL] num=0x000000000000012D arg1=0x0000000000000000 arg2=0x0000000000000000 arg3=0x0000000000000000
[SYSCALL] num=0x000000000000012C arg1=0x000000000040B002 arg2=0x0000000000000000 arg3=0x0000000000000000
  VFS: open called for /dev/console
  VFS: relative_path: console
  DevFS: open path='console'
  DevFS: path hex: 0x0000000000000063 0x000000000000006F 0x000000000000006E 0x0000000000000073 0x000000000000006F 0x000000000000006C 0x0000000000000065
  DevFS: matched console!
  Heap: kmalloc size=0x0000000000000010 pages=0x0000000000000001 ptr=0x000000000039C010
  VFS: register_file fd=0x0000000000000000
[SYSCALL] num=0x000000000000012D arg1=0x0000000000000001 arg2=0x0000000000000000 arg3=0x0000000000000000
[SYSCALL] num=0x000000000000012C arg1=0x000000000040B002 arg2=0x0000000000000000 arg3=0x0000000000000000
  VFS: open called for /dev/console
  VFS: relative_path: console
  DevFS: open path='console'
  DevFS: path hex: 0x0000000000000063 0x000000000000006F 0x000000000000006E 0x0000000000000073 0x000000000000006F 0x000000000000006C 0x0000000000000065
  DevFS: matched console!
  Heap: kmalloc size=0x0000000000000010 pages=0x0000000000000001 ptr=0x000000000039D010
  VFS: register_file fd=0x0000000000000001
[SYSCALL] num=0x000000000000012F arg1=0x0000000000000000 arg2=0x00006FFFFFFFF9A8 arg3=0x000000000000000F
[acos@acos /]$ [SYSCALL] num=0x000000000000012E arg1=0x0000000000000000 arg2=0x00006FFFFFFFF957 arg3=0x0000000000000001
[SCHED] Switching from thread 0x0000000000000001 (is_user=0x0000000000000001) to thread 0x0000000000000000 (is_user=0x0000000000000000)
[PS2] IRQ1 received
[PS2] scancode=0x000000000000009C
[PS2] IRQ1 received
[PS2] scancode=0x0000000000000011
[PS2] ascii='w'
[Console] queued 'w'
[Console] waking blocked reader
[SCHED] Switching from thread 0x0000000000000000 (is_user=0x0000000000000000) to thread 0x0000000000000001 (is_user=0x0000000000000001)
[Syscall] read returned 0x0000000000000001 byte(s)
[SYSCALL] num=0x000000000000012F arg1=0x0000000000000000 arg2=0x00006FFFFFFFF7CE arg3=0x0000000000000001
w[SYSCALL] num=0x000000000000012E arg1=0x0000000000000000 arg2=0x00006FFFFFFFF957 arg3=0x0000000000000001
[SCHED] Switching from thread 0x0000000000000001 (is_user=0x0000000000000001) to thread 0x0000000000000000 (is_user=0x0000000000000000)
[PS2] IRQ1 received
[PS2] scancode=0x0000000000000091
[PS2] IRQ1 received
[PS2] scancode=0x0000000000000023
[PS2] ascii='h'
[Console] queued 'h'
[Console] waking blocked reader
[SCHED] Switching from thread 0x0000000000000000 (is_user=0x0000000000000000) to thread 0x0000000000000001 (is_user=0x0000000000000001)
[Syscall] read returned 0x0000000000000001 byte(s)
[SYSCALL] num=0x000000000000012F arg1=0x0000000000000000 arg2=0x00006FFFFFFFF7CE arg3=0x0000000000000001
h[SYSCALL] num=0x000000000000012E arg1=0x0000000000000000 arg2=0x00006FFFFFFFF957 arg3=0x0000000000000001
[SCHED] Switching from thread 0x0000000000000001 (is_user=0x0000000000000001) to thread 0x0000000000000000 (is_user=0x0000000000000000)
[PS2] IRQ1 received
[PS2] scancode=0x00000000000000A3
[PS2] IRQ1 received
[PS2] scancode=0x0000000000000017
[PS2] ascii='i'
[Console] queued 'i'
[Console] waking blocked reader
[SCHED] Switching from thread 0x0000000000000000 (is_user=0x0000000000000000) to thread 0x0000000000000001 (is_user=0x0000000000000001)
[Syscall] read returned 0x0000000000000001 byte(s)
[SYSCALL] num=0x000000000000012F arg1=0x0000000000000000 arg2=0x00006FFFFFFFF7CE arg3=0x0000000000000001
i[SYSCALL] num=0x000000000000012E arg1=0x0000000000000000 arg2=0x00006FFFFFFFF957 arg3=0x0000000000000001
[SCHED] Switching from thread 0x0000000000000001 (is_user=0x0000000000000001) to thread 0x0000000000000000 (is_user=0x0000000000000000)
[PS2] IRQ1 received
[PS2] scancode=0x0000000000000097
[PS2] IRQ1 received
[PS2] scancode=0x000000000000002E
[PS2] ascii='c'
[Console] queued 'c'
[Console] waking blocked reader
[SCHED] Switching from thread 0x0000000000000000 (is_user=0x0000000000000000) to thread 0x0000000000000001 (is_user=0x0000000000000001)
[Syscall] read returned 0x0000000000000001 byte(s)
[SYSCALL] num=0x000000000000012F arg1=0x0000000000000000 arg2=0x00006FFFFFFFF7CE arg3=0x0000000000000001
c[SYSCALL] num=0x000000000000012E arg1=0x0000000000000000 arg2=0x00006FFFFFFFF957 arg3=0x0000000000000001
[SCHED] Switching from thread 0x0000000000000001 (is_user=0x0000000000000001) to thread 0x0000000000000000 (is_user=0x0000000000000000)
[PS2] IRQ1 received
[PS2] scancode=0x00000000000000AE
[PS2] IRQ1 received
[PS2] scancode=0x0000000000000023
[PS2] ascii='h'
[Console] queued 'h'
[Console] waking blocked reader
[SCHED] Switching from thread 0x0000000000000000 (is_user=0x0000000000000000) to thread 0x0000000000000001 (is_user=0x0000000000000001)
[Syscall] read returned 0x0000000000000001 byte(s)
[SYSCALL] num=0x000000000000012F arg1=0x0000000000000000 arg2=0x00006FFFFFFFF7CE arg3=0x0000000000000001
h[SYSCALL] num=0x000000000000012E arg1=0x0000000000000000 arg2=0x00006FFFFFFFF957 arg3=0x0000000000000001
[SCHED] Switching from thread 0x0000000000000001 (is_user=0x0000000000000001) to thread 0x0000000000000000 (is_user=0x0000000000000000)
[PS2] IRQ1 received
[PS2] scancode=0x00000000000000A3
[PS2] IRQ1 received
[PS2] scancode=0x0000000000000039
[PS2] ascii=' '
[Console] queued ' '
[Console] waking blocked reader
[SCHED] Switching from thread 0x0000000000000000 (is_user=0x0000000000000000) to thread 0x0000000000000001 (is_user=0x0000000000000001)
[Syscall] read returned 0x0000000000000001 byte(s)
[SYSCALL] num=0x000000000000012F arg1=0x0000000000000000 arg2=0x00006FFFFFFFF7CE arg3=0x0000000000000001
 [SYSCALL] num=0x000000000000012E arg1=0x0000000000000000 arg2=0x00006FFFFFFFF957 arg3=0x0000000000000001
[SCHED] Switching from thread 0x0000000000000001 (is_user=0x0000000000000001) to thread 0x0000000000000000 (is_user=0x0000000000000000)
[PS2] IRQ1 received
[PS2] scancode=0x00000000000000B9
[PS2] IRQ1 received
[PS2] scancode=0x0000000000000014
[PS2] ascii='t'
[Console] queued 't'
[Console] waking blocked reader
[SCHED] Switching from thread 0x0000000000000000 (is_user=0x0000000000000000) to thread 0x0000000000000001 (is_user=0x0000000000000001)
[Syscall] read returned 0x0000000000000001 byte(s)
[SYSCALL] num=0x000000000000012F arg1=0x0000000000000000 arg2=0x00006FFFFFFFF7CE arg3=0x0000000000000001
t[SYSCALL] num=0x000000000000012E arg1=0x0000000000000000 arg2=0x00006FFFFFFFF957 arg3=0x0000000000000001
[SCHED] Switching from thread 0x0000000000000001 (is_user=0x0000000000000001) to thread 0x0000000000000000 (is_user=0x0000000000000000)
[PS2] IRQ1 received
[PS2] scancode=0x0000000000000094
[PS2] IRQ1 received
[PS2] scancode=0x0000000000000013
[PS2] ascii='r'
[Console] queued 'r'
[Console] waking blocked reader
[SCHED] Switching from thread 0x0000000000000000 (is_user=0x0000000000000000) to thread 0x0000000000000001 (is_user=0x0000000000000001)
[Syscall] read returned 0x0000000000000001 byte(s)
[SYSCALL] num=0x000000000000012F arg1=0x0000000000000000 arg2=0x00006FFFFFFFF7CE arg3=0x0000000000000001
r[SYSCALL] num=0x000000000000012E arg1=0x0000000000000000 arg2=0x00006FFFFFFFF957 arg3=0x0000000000000001
[SCHED] Switching from thread 0x0000000000000001 (is_user=0x0000000000000001) to thread 0x0000000000000000 (is_user=0x0000000000000000)
[PS2] IRQ1 received
[PS2] scancode=0x0000000000000093
[PS2] IRQ1 received
[PS2] scancode=0x0000000000000012
[PS2] ascii='e'
[Console] queued 'e'
[Console] waking blocked reader
[SCHED] Switching from thread 0x0000000000000000 (is_user=0x0000000000000000) to thread 0x0000000000000001 (is_user=0x0000000000000001)
[Syscall] read returned 0x0000000000000001 byte(s)
[SYSCALL] num=0x000000000000012F arg1=0x0000000000000000 arg2=0x00006FFFFFFFF7CE arg3=0x0000000000000001
e[SYSCALL] num=0x000000000000012E arg1=0x0000000000000000 arg2=0x00006FFFFFFFF957 arg3=0x0000000000000001
[SCHED] Switching from thread 0x0000000000000001 (is_user=0x0000000000000001) to thread 0x0000000000000000 (is_user=0x0000000000000000)
[PS2] IRQ1 received
[PS2] scancode=0x0000000000000092
[PS2] IRQ1 received
[PS2] scancode=0x0000000000000012
[PS2] ascii='e'
[Console] queued 'e'
[Console] waking blocked reader
[SCHED] Switching from thread 0x0000000000000000 (is_user=0x0000000000000000) to thread 0x0000000000000001 (is_user=0x0000000000000001)
[Syscall] read returned 0x0000000000000001 byte(s)
[SYSCALL] num=0x000000000000012F arg1=0x0000000000000000 arg2=0x00006FFFFFFFF7CE arg3=0x0000000000000001
e[SYSCALL] num=0x000000000000012E arg1=0x0000000000000000 arg2=0x00006FFFFFFFF957 arg3=0x0000000000000001
[SCHED] Switching from thread 0x0000000000000001 (is_user=0x0000000000000001) to thread 0x0000000000000000 (is_user=0x0000000000000000)
[PS2] IRQ1 received
[PS2] scancode=0x0000000000000092
[PS2] IRQ1 received
[PS2] scancode=0x000000000000001C
[PS2] ascii='
'
[Console] queued '
'
[Console] waking blocked reader
[SCHED] Switching from thread 0x0000000000000000 (is_user=0x0000000000000000) to thread 0x0000000000000001 (is_user=0x0000000000000001)
[Syscall] read returned 0x0000000000000001 byte(s)
[SYSCALL] num=0x000000000000012F arg1=0x0000000000000000 arg2=0x000000000040B5C5 arg3=0x0000000000000001

[SYSCALL] num=0x000000000000012F arg1=0x0000000000000001 arg2=0x0000000000464618 arg3=0x0000000000000004
tree[SYSCALL] num=0x000000000000012F arg1=0x0000000000000001 arg2=0x000000000040B584 arg3=0x0000000000000019
: shell built-in command
[SYSCALL] num=0x000000000000012D arg1=0x0000000000000000 arg2=0x0000000000000000 arg3=0x0000000000000000
[SYSCALL] num=0x000000000000012C arg1=0x000000000040B002 arg2=0x0000000000000000 arg3=0x0000000000000000
  VFS: open called for /dev/console
  VFS: relative_path: console
  DevFS: open path='console'
  DevFS: path hex: 0x0000000000000063 0x000000000000006F 0x000000000000006E 0x0000000000000073 0x000000000000006F 0x000000000000006C 0x0000000000000065
  DevFS: matched console!
  Heap: kmalloc size=0x0000000000000010 pages=0x0000000000000001 ptr=0x000000000039E010
  VFS: register_file fd=0x0000000000000000
[SYSCALL] num=0x000000000000012D arg1=0x0000000000000001 arg2=0x0000000000000000 arg3=0x0000000000000000
[SYSCALL] num=0x000000000000012C arg1=0x000000000040B002 arg2=0x0000000000000000 arg3=0x0000000000000000
  VFS: open called for /dev/console
  VFS: relative_path: console
  DevFS: open path='console'
  DevFS: path hex: 0x0000000000000063 0x000000000000006F 0x000000000000006E 0x0000000000000073 0x000000000000006F 0x000000000000006C 0x0000000000000065
  DevFS: matched console!
  Heap: kmalloc size=0x0000000000000010 pages=0x0000000000000001 ptr=0x000000000039F010
  VFS: register_file fd=0x0000000000000001
[SYSCALL] num=0x000000000000012F arg1=0x0000000000000000 arg2=0x00006FFFFFFFF9A8 arg3=0x000000000000000F
[acos@acos /]$ [SYSCALL] num=0x000000000000012E arg1=0x0000000000000000 arg2=0x00006FFFFFFFF957 arg3=0x0000000000000001
[SCHED] Switching from thread 0x0000000000000001 (is_user=0x0000000000000001) to thread 0x0000000000000000 (is_user=0x0000000000000000)
[PS2] IRQ1 received
[PS2] scancode=0x000000000000009C
[PS2] IRQ1 received
[PS2] scancode=0x0000000000000014
[PS2] ascii='t'
[Console] queued 't'
[Console] waking blocked reader
[SCHED] Switching from thread 0x0000000000000000 (is_user=0x0000000000000000) to thread 0x0000000000000001 (is_user=0x0000000000000001)
[Syscall] read returned 0x0000000000000001 byte(s)
[SYSCALL] num=0x000000000000012F arg1=0x0000000000000000 arg2=0x00006FFFFFFFF7CE arg3=0x0000000000000001
t[SYSCALL] num=0x000000000000012E arg1=0x0000000000000000 arg2=0x00006FFFFFFFF957 arg3=0x0000000000000001
[SCHED] Switching from thread 0x0000000000000001 (is_user=0x0000000000000001) to thread 0x0000000000000000 (is_user=0x0000000000000000)
[PS2] IRQ1 received
[PS2] scancode=0x0000000000000094
[PS2] IRQ1 received
[PS2] scancode=0x0000000000000017
[PS2] ascii='i'
[Console] queued 'i'
[Console] waking blocked reader
[SCHED] Switching from thread 0x0000000000000000 (is_user=0x0000000000000000) to thread 0x0000000000000001 (is_user=0x0000000000000001)
[Syscall] read returned 0x0000000000000001 byte(s)
[SYSCALL] num=0x000000000000012F arg1=0x0000000000000000 arg2=0x00006FFFFFFFF7CE arg3=0x0000000000000001
i[SYSCALL] num=0x000000000000012E arg1=0x0000000000000000 arg2=0x00006FFFFFFFF957 arg3=0x0000000000000001
[SCHED] Switching from thread 0x0000000000000001 (is_user=0x0000000000000001) to thread 0x0000000000000000 (is_user=0x0000000000000000)
[PS2] IRQ1 received
[PS2] scancode=0x0000000000000097
[PS2] IRQ1 received
[PS2] scancode=0x0000000000000032
[PS2] ascii='m'
[Console] queued 'm'
[Console] waking blocked reader
[SCHED] Switching from thread 0x0000000000000000 (is_user=0x0000000000000000) to thread 0x0000000000000001 (is_user=0x0000000000000001)
[Syscall] read returned 0x0000000000000001 byte(s)
[SYSCALL] num=0x000000000000012F arg1=0x0000000000000000 arg2=0x00006FFFFFFFF7CE arg3=0x0000000000000001
m[SYSCALL] num=0x000000000000012E arg1=0x0000000000000000 arg2=0x00006FFFFFFFF957 arg3=0x0000000000000001
[SCHED] Switching from thread 0x0000000000000001 (is_user=0x0000000000000001) to thread 0x0000000000000000 (is_user=0x0000000000000000)
[PS2] IRQ1 received
[PS2] scancode=0x00000000000000B2
[PS2] IRQ1 received
[PS2] scancode=0x0000000000000012
[PS2] ascii='e'
[Console] queued 'e'
[Console] waking blocked reader
[SCHED] Switching from thread 0x0000000000000000 (is_user=0x0000000000000000) to thread 0x0000000000000001 (is_user=0x0000000000000001)
[Syscall] read returned 0x0000000000000001 byte(s)
[SYSCALL] num=0x000000000000012F arg1=0x0000000000000000 arg2=0x00006FFFFFFFF7CE arg3=0x0000000000000001
e[SYSCALL] num=0x000000000000012E arg1=0x0000000000000000 arg2=0x00006FFFFFFFF957 arg3=0x0000000000000001
[SCHED] Switching from thread 0x0000000000000001 (is_user=0x0000000000000001) to thread 0x0000000000000000 (is_user=0x0000000000000000)
[PS2] IRQ1 received
[PS2] scancode=0x0000000000000092
[PS2] IRQ1 received
[PS2] scancode=0x0000000000000039
[PS2] ascii=' '
[Console] queued ' '
[Console] waking blocked reader
[SCHED] Switching from thread 0x0000000000000000 (is_user=0x0000000000000000) to thread 0x0000000000000001 (is_user=0x0000000000000001)
[Syscall] read returned 0x0000000000000001 byte(s)
[SYSCALL] num=0x000000000000012F arg1=0x0000000000000000 arg2=0x00006FFFFFFFF7CE arg3=0x0000000000000001
 [SYSCALL] num=0x000000000000012E arg1=0x0000000000000000 arg2=0x00006FFFFFFFF957 arg3=0x0000000000000001
[SCHED] Switching from thread 0x0000000000000001 (is_user=0x0000000000000001) to thread 0x0000000000000000 (is_user=0x0000000000000000)
[PS2] IRQ1 received
[PS2] scancode=0x00000000000000B9
[PS2] IRQ1 received
[PS2] scancode=0x0000000000000026
[PS2] ascii='l'
[Console] queued 'l'
[Console] waking blocked reader
[SCHED] Switching from thread 0x0000000000000000 (is_user=0x0000000000000000) to thread 0x0000000000000001 (is_user=0x0000000000000001)
[Syscall] read returned 0x0000000000000001 byte(s)
[SYSCALL] num=0x000000000000012F arg1=0x0000000000000000 arg2=0x00006FFFFFFFF7CE arg3=0x0000000000000001
l[SYSCALL] num=0x000000000000012E arg1=0x0000000000000000 arg2=0x00006FFFFFFFF957 arg3=0x0000000000000001
[SCHED] Switching from thread 0x0000000000000001 (is_user=0x0000000000000001) to thread 0x0000000000000000 (is_user=0x0000000000000000)
[PS2] IRQ1 received
[PS2] scancode=0x00000000000000A6
[PS2] IRQ1 received
[PS2] scancode=0x000000000000001F
[PS2] ascii='s'
[Console] queued 's'
[Console] waking blocked reader
[SCHED] Switching from thread 0x0000000000000000 (is_user=0x0000000000000000) to thread 0x0000000000000001 (is_user=0x0000000000000001)
[Syscall] read returned 0x0000000000000001 byte(s)
[SYSCALL] num=0x000000000000012F arg1=0x0000000000000000 arg2=0x00006FFFFFFFF7CE arg3=0x0000000000000001
s[SYSCALL] num=0x000000000000012E arg1=0x0000000000000000 arg2=0x00006FFFFFFFF957 arg3=0x0000000000000001
[SCHED] Switching from thread 0x0000000000000001 (is_user=0x0000000000000001) to thread 0x0000000000000000 (is_user=0x0000000000000000)
[PS2] IRQ1 received
[PS2] scancode=0x000000000000009F
[PS2] IRQ1 received
[PS2] scancode=0x000000000000001C
[PS2] ascii='
'
[Console] queued '
'
[Console] waking blocked reader
[SCHED] Switching from thread 0x0000000000000000 (is_user=0x0000000000000000) to thread 0x0000000000000001 (is_user=0x0000000000000001)
[Syscall] read returned 0x0000000000000001 byte(s)
[SYSCALL] num=0x000000000000012F arg1=0x0000000000000000 arg2=0x000000000040B5C5 arg3=0x0000000000000001

[SYSCALL] num=0x0000000000000002 arg1=0x0000000000000000 arg2=0x0000000000000000 arg3=0x0000000000000000
[SCHED] Switching from thread 0x0000000000000001 (is_user=0x0000000000000001) to thread 0x0000000000000000 (is_user=0x0000000000000000)
